"rsid","effect_allele","other_allele","beta_exposure","se_exposure","pval_exposure","eaf","exposure","gwas_id","F_stat","chr","pos","effect_allele_outcome","other_allele_outcome","eaf_outcome","beta_outcome","se_outcome","pval_outcome","samplesize_outcome","outcome","ea_e","oa_e","ea_o","oa_o","aligned","flipped","beta_outcome_aligned","eaf_a","palindromic","keep","r2_exp","z_out","r2_out","correct_dir"
"rs10249294","A","G",0.0195637,0.00126299,4.10015e-54,0.372973,"Fresh fruit intake","ukb-b-3881",239.939729610829,7,143723137,"A","G",0.37,0.000212,0.00036,0.5569,561828,"eGFR (log-transformed)","A","G","A","G",TRUE,FALSE,0.000212,0.37,FALSE,TRUE,0.000479649285381972,0.588888888888889,6.17252805840245e-07,TRUE
"rs994270","G","C",0.0132585,0.00144389,4.19952e-20,0.235126,"Fresh fruit intake","ukb-b-3881",84.3180528218649,6,51187787,"C","G",0.76,0.001121,0.0004147,0.006896,524046,"eGFR (log-transformed)","G","C","C","G",FALSE,TRUE,-0.001121,0.24,TRUE,TRUE,0.000168607672302491,-2.70315891005546,1.39433679636388e-05,TRUE
"rs10828266","G","A",0.0123642,0.00135696,8.10028e-20,0.715634,"Fresh fruit intake","ukb-b-3881",83.0229099335718,10,22098701,"A","G",0.29,0.001028,0.0003911,0.008548,543541,"eGFR (log-transformed)","G","A","A","G",FALSE,TRUE,-0.001028,0.71,FALSE,TRUE,0.000166018253230173,-2.62848376374329,1.27107965697119e-05,TRUE
"rs34162196","T","C",-0.0181417,0.0020297,4.00037e-19,0.1008,"Fresh fruit intake","ukb-b-3881",79.8899700753366,14,22038125,"T","C",0.1,-0.000142,0.0005789,0.8061,561828,"eGFR (log-transformed)","T","C","T","C",TRUE,FALSE,-0.000142,0.1,FALSE,TRUE,0.00015975441459987,-0.245292796683365,1.070942524421e-07,TRUE
"rs862227","G","A",-0.0101452,0.00122398,1.10002e-16,0.457858,"Fresh fruit intake","ukb-b-3881",68.7025067063198,16,73602926,"A","G",0.55,0.000278,0.0003495,0.4263,560721,"eGFR (log-transformed)","G","A","A","G",FALSE,TRUE,-0.000278,0.45,FALSE,TRUE,0.000137386135868798,-0.795422031473534,1.12836061828253e-06,TRUE
"rs28479795","T","C",0.0112324,0.00147345,2.49977e-14,0.221473,"Fresh fruit intake","ukb-b-3881",58.1131364364472,14,79943606,"T","C",0.22,0.000653,0.0004153,0.116,567340,"eGFR (log-transformed)","T","C","T","C",TRUE,FALSE,0.000653,0.22,FALSE,TRUE,0.000116212765896254,1.57235733204912,4.35769874515633e-06,TRUE
"rs73455661","G","A",0.0102938,0.0013622,4.10015e-14,0.279338,"Fresh fruit intake","ukb-b-3881",57.1044167521508,18,57968685,"A","G",0.72,0.000517,0.0003898,0.1847,525153,"eGFR (log-transformed)","G","A","A","G",FALSE,TRUE,-0.000517,0.28,FALSE,TRUE,0.000114195791336182,-1.32632119035403,3.34973237775361e-06,TRUE
"rs13072255","C","A",0.00898012,0.00122355,2.09991e-13,0.493966,"Fresh fruit intake","ukb-b-3881",53.8667579289189,3,21038260,"A","C",0.51,4e-05,0.0003446,0.9086,566213,"eGFR (log-transformed)","C","A","A","C",FALSE,TRUE,-4e-05,0.49,FALSE,TRUE,0.000107721910597674,-0.116076610562972,2.37963084548775e-08,TRUE
"rs739320","C","T",-0.00899731,0.00127708,1.9002e-12,0.60575,"Fresh fruit intake","ukb-b-3881",49.6351297295435,19,49261368,"T","C",0.39,-0.001593,0.0003983,6.333e-05,480122,"eGFR (log-transformed)","C","T","T","C",FALSE,TRUE,0.001593,0.61,FALSE,TRUE,9.92604058528441e-05,3.9994978659302,3.33153870624741e-05,TRUE
"rs10838724","T","G",0.00901088,0.00128277,2.09991e-12,0.367992,"Fresh fruit intake","ukb-b-3881",49.3442807598535,11,47527052,"T","G",0.38,0.000835,0.0003567,0.01929,566964,"eGFR (log-transformed)","T","G","T","G",TRUE,FALSE,0.000835,0.38,FALSE,TRUE,9.86788230486078e-05,2.34090271937202,9.66511556009943e-06,TRUE
"rs2143081","A","G",0.00832073,0.00122891,1.29987e-11,0.539822,"Fresh fruit intake","ukb-b-3881",45.8440210348479,6,50782834,"A","G",0.54,0.001378,0.0003468,7.115e-05,558234,"eGFR (log-transformed)","A","G","A","G",TRUE,FALSE,0.001378,0.54,FALSE,TRUE,9.16796361433603e-05,3.97347174163783,2.82821023983704e-05,TRUE
"rs2790688","T","C",0.0114466,0.00169613,1.50003e-11,0.154068,"Fresh fruit intake","ukb-b-3881",45.5443745073443,1,153992909,"T","C",0.15,0.000998,0.0004784,0.03697,567254,"eGFR (log-transformed)","T","C","T","C",TRUE,FALSE,0.000998,0.15,FALSE,TRUE,9.10804526102007e-05,2.08612040133779,7.67181005676538e-06,TRUE
"rs11896330","A","G",-0.00844567,0.0012744,3.40017e-11,0.632839,"Fresh fruit intake","ukb-b-3881",43.9194295517845,2,60235568,"A","G",0.65,-0.000472,0.0003635,0.1941,561828,"eGFR (log-transformed)","A","G","A","G",TRUE,FALSE,-0.000472,0.65,FALSE,TRUE,8.7831144116076e-05,-1.29848693259972,3.00103101694635e-06,TRUE
"rs4953150","T","C",-0.00843921,0.00129268,6.59933e-11,0.344088,"Fresh fruit intake","ukb-b-3881",42.6207932765357,2,45157336,"T","C",0.37,0.000669,0.0003662,0.06756,524202,"eGFR (log-transformed)","T","C","T","C",TRUE,FALSE,0.000669,0.37,FALSE,TRUE,8.52343210443169e-05,1.82687056253413,6.36669605168525e-06,TRUE
"rs62298288","T","C",0.00791778,0.00123342,1.40001e-10,0.433152,"Fresh fruit intake","ukb-b-3881",41.2083180106695,4,59885755,"T","C",0.44,0.00117,0.0003458,0.0007197,566292,"eGFR (log-transformed)","T","C","T","C",TRUE,FALSE,0.00117,0.44,FALSE,TRUE,8.24098440792149e-05,3.38345864661654,2.02149438750382e-05,TRUE
"rs7554485","C","T",-0.00801014,0.00125414,1.7e-10,0.611539,"Fresh fruit intake","ukb-b-3881",40.7932375241289,1,65945906,"T","C",0.41,-0.000926,0.0003496,0.008043,567451,"eGFR (log-transformed)","C","T","T","C",FALSE,TRUE,0.000926,0.59,FALSE,TRUE,8.15798192383711e-05,2.6487414187643,1.23636126510647e-05,TRUE
"rs12420070","G","A",0.00797282,0.00126961,3.40001e-10,0.363101,"Fresh fruit intake","ukb-b-3881",39.4351275290765,11,63985628,"A","G",0.66,-0.000276,0.0003691,0.4542,525153,"eGFR (log-transformed)","G","A","A","G",FALSE,TRUE,0.000276,0.34,FALSE,TRUE,7.88640350315951e-05,0.747764833378488,1.06474046741718e-06,TRUE
"rs12044599","G","A",0.00942073,0.0015033,3.69999e-10,0.21008,"Fresh fruit intake","ukb-b-3881",39.2715279729016,1,204564714,"A","G",0.79,0.00044,0.000421,0.2961,567448,"eGFR (log-transformed)","G","A","A","G",FALSE,TRUE,-0.00044,0.21,FALSE,TRUE,7.85368874186609e-05,-1.04513064133017,1.92492696221191e-06,TRUE
"rs10064431","C","T",-0.00757392,0.00122365,5.99998e-10,0.522495,"Fresh fruit intake","ukb-b-3881",38.3113096213984,5,92950673,"T","C",0.49,-0.00013,0.0003583,0.7166,544813,"eGFR (log-transformed)","C","T","T","C",FALSE,TRUE,0.00013,0.51,FALSE,TRUE,7.66167486668361e-05,0.362824448785934,2.41627033181389e-07,TRUE
"rs11085749","A","G",-0.00773361,0.00125477,7.10003e-10,0.387076,"Fresh fruit intake","ukb-b-3881",37.9871123204548,19,10961273,"A","G",0.37,0.000738,0.0003578,0.03923,564260,"eGFR (log-transformed)","A","G","A","G",TRUE,FALSE,0.000738,0.37,FALSE,TRUE,7.59684529965961e-05,2.06260480715484,7.53962094495072e-06,TRUE
"rs7982441","C","T",-0.00841258,0.00137614,9.80009e-10,0.731883,"Fresh fruit intake","ukb-b-3881",37.3708673164608,13,55924013,"T","C",0.27,0.00038,0.0004069,0.3502,511767,"eGFR (log-transformed)","C","T","T","C",FALSE,TRUE,-0.00038,0.73,FALSE,TRUE,7.47361487235262e-05,-0.9338903907594,1.70419307153179e-06,TRUE
"rs1051547","C","T",-0.00757523,0.00124161,1.09999e-09,0.561537,"Fresh fruit intake","ukb-b-3881",37.2238460538792,16,19279380,"T","C",0.44,0.000214,0.000357,0.548,544813,"eGFR (log-transformed)","C","T","T","C",FALSE,TRUE,-0.000214,0.56,FALSE,TRUE,7.44421500614909e-05,-0.599439775910364,6.59543380850005e-07,TRUE
"rs12885598","A","G",0.00751549,0.00124738,1.7e-09,0.596671,"Fresh fruit intake","ukb-b-3881",36.3008713367388,14,32071665,"A","G",0.6,0.000784,0.0003543,0.02702,563630,"eGFR (log-transformed)","A","G","A","G",TRUE,FALSE,0.000784,0.6,FALSE,TRUE,7.25964720430954e-05,2.21281399943551,8.68744257338564e-06,TRUE
"rs1866823","A","G",0.00743079,0.0012406,2.1e-09,0.544469,"Fresh fruit intake","ukb-b-3881",35.8761988324699,8,57436577,"A","G",0.55,0.000349,0.000352,0.3215,558234,"eGFR (log-transformed)","A","G","A","G",TRUE,FALSE,0.000349,0.55,FALSE,TRUE,7.17472496277531e-05,0.991477272727273,1.76095589173573e-06,TRUE
"rs149449","A","G",0.00728855,0.00122061,2.39999e-09,0.489167,"Fresh fruit intake","ukb-b-3881",35.6556557088642,5,95902093,"A","G",0.51,-0.000616,0.0003426,0.07216,566349,"eGFR (log-transformed)","A","G","A","G",TRUE,FALSE,-0.000616,0.51,FALSE,TRUE,7.1306226477206e-05,-1.7980151780502,5.70821194467889e-06,TRUE
"rs817223","C","T",-0.00726908,0.00122339,2.80001e-09,0.481314,"Fresh fruit intake","ukb-b-3881",35.3044170307695,2,104094008,"T","C",0.52,0.00075,0.0003424,0.02848,567289,"eGFR (log-transformed)","C","T","T","C",FALSE,TRUE,-0.00075,0.48,FALSE,TRUE,7.06038488060945e-05,-2.19042056074766,8.4575968402085e-06,TRUE
"rs62051554","A","G",0.0116118,0.00198143,4.60002e-09,0.108545,"Fresh fruit intake","ukb-b-3881",34.3432685313771,16,72826387,"A","G",0.11,-0.000512,0.0005855,0.3817,496485,"eGFR (log-transformed)","A","G","A","G",TRUE,FALSE,-0.000512,0.11,FALSE,TRUE,6.86818195464103e-05,-0.874466268146883,1.54020781361631e-06,TRUE
"rs11032362","A","G",0.0123929,0.00212339,5.30005e-09,0.090976,"Fresh fruit intake","ukb-b-3881",34.0632714296141,11,33759092,"A","G",0.094,-0.000233,0.0006211,0.7071,524046,"eGFR (log-transformed)","A","G","A","G",TRUE,FALSE,-0.000233,0.094,FALSE,TRUE,6.81219019495554e-05,-0.375140879085493,2.68546351595712e-07,TRUE
"rs4744240","T","C",0.00756978,0.00129924,5.69994e-09,0.330797,"Fresh fruit intake","ukb-b-3881",33.9459330206378,9,96218194,"T","C",0.34,-0.000412,0.0003606,0.2527,567387,"eGFR (log-transformed)","T","C","T","C",TRUE,FALSE,-0.000412,0.34,FALSE,TRUE,6.78872570487141e-05,-1.14254021075984,2.30071385113791e-06,TRUE
"rs17049185","T","G",0.00804043,0.00139033,7.29995e-09,0.267872,"Fresh fruit intake","ukb-b-3881",33.4443502385495,2,58072660,"T","G",0.27,-1.3e-05,0.0003976,0.973,525153,"eGFR (log-transformed)","T","G","T","G",TRUE,FALSE,-1.3e-05,0.27,FALSE,TRUE,6.6884226678094e-05,-0.0326961770623742,2.03567339864365e-09,TRUE
"rs11248509","T","A",0.00732973,0.00126801,7.39997e-09,0.371237,"Fresh fruit intake","ukb-b-3881",33.4141637930301,10,125134393,"A","T",0.61,-0.000299,0.0003639,0.4114,525153,"eGFR (log-transformed)","T","A","A","T",FALSE,TRUE,0.000299,0.39,TRUE,TRUE,6.68238618591293e-05,0.821654300632042,1.28555853598144e-06,TRUE
"rs12536253","C","G",-0.00815943,0.00141599,8.30004e-09,0.24901,"Fresh fruit intake","ukb-b-3881",33.2046777137658,7,127595077,"C","G",0.24,0.001725,0.0004186,3.758e-05,525153,"eGFR (log-transformed)","C","G","C","G",TRUE,FALSE,0.001725,0.24,TRUE,TRUE,6.64049455179026e-05,4.12087912087912,3.23355205408243e-05,TRUE
"rs559734","C","G",0.00776806,0.00136078,1.09999e-08,0.711817,"Fresh fruit intake","ukb-b-3881",32.5873696874542,1,97304868,"C","G",0.7,-0.000565,0.0003905,0.1479,523095,"eGFR (log-transformed)","C","G","C","G",TRUE,FALSE,-0.000565,0.7,TRUE,TRUE,6.51704919050837e-05,-1.44686299615877,4.00195786980336e-06,TRUE
"rs4302893","A","G",0.00738857,0.00129959,1.29999e-08,0.334189,"Fresh fruit intake","ukb-b-3881",32.322732096961,9,1734863,"A","G",0.35,9e-06,0.0003613,0.9795,567256,"eGFR (log-transformed)","A","G","A","G",TRUE,FALSE,9e-06,0.35,FALSE,TRUE,6.46412854280194e-05,0.0249100470523111,1.09388079362684e-09,TRUE
"rs2093654","G","A",0.00712915,0.00125874,1.5e-08,0.388133,"Fresh fruit intake","ukb-b-3881",32.0777160240852,9,5780121,"A","G",0.59,-7.2e-05,0.0003594,0.8418,525153,"eGFR (log-transformed)","G","A","A","G",FALSE,TRUE,7.2e-05,0.41,FALSE,TRUE,6.41513163927508e-05,0.200333889816361,7.6422803148466e-08,TRUE
"rs9517948","T","C",0.00695315,0.00123287,1.7e-08,0.451352,"Fresh fruit intake","ukb-b-3881",31.8074334629626,13,100650708,"T","C",0.44,0.000343,0.0003588,0.3384,542086,"eGFR (log-transformed)","T","C","T","C",TRUE,FALSE,0.000343,0.44,FALSE,TRUE,6.36108203320547e-05,0.955964325529543,1.68583260046752e-06,TRUE
"rs72974263","T","C",0.00738684,0.00131242,1.79999e-08,0.318282,"Fresh fruit intake","ukb-b-3881",31.6790175501002,2,225447371,"T","C",0.33,-0.001588,0.000375,2.286e-05,525153,"eGFR (log-transformed)","T","C","T","C",TRUE,FALSE,-0.001588,0.33,FALSE,TRUE,6.3354021113907e-05,-4.23466666666667,3.41458383764064e-05,TRUE
"rs6475724","T","C",0.00772163,0.00137406,1.89998e-08,0.727296,"Fresh fruit intake","ukb-b-3881",31.5795968057712,9,23274223,"T","C",0.73,4.3e-05,0.0003959,0.9141,525153,"eGFR (log-transformed)","T","C","T","C",TRUE,FALSE,4.3e-05,0.73,FALSE,TRUE,6.31552047797361e-05,0.10861328618338,2.24636356843676e-08,TRUE
"rs10271924","T","C",-0.00704676,0.00125592,2e-08,0.492595,"Fresh fruit intake","ukb-b-3881",31.4814703514851,7,153495206,"T","C",0.49,-0.000174,0.0004039,0.6672,435728,"eGFR (log-transformed)","T","C","T","C",TRUE,FALSE,-0.000174,0.49,FALSE,TRUE,6.29589766206585e-05,-0.430799702896757,4.25926965833815e-07,TRUE
"rs8095324","G","A",-0.00694613,0.00124903,2.69998e-08,0.404041,"Fresh fruit intake","ukb-b-3881",30.9271623976622,18,24131659,"A","G",0.61,-0.000148,0.0003562,0.6775,558234,"eGFR (log-transformed)","G","A","A","G",FALSE,TRUE,0.000148,0.39,FALSE,TRUE,6.1850499074466e-05,0.415496911847277,3.09256746033483e-07,TRUE
"rs329277","G","T",0.00682734,0.00122916,2.80001e-08,0.486036,"Fresh fruit intake","ukb-b-3881",30.8522061637253,7,35080931,"T","G",0.52,8e-05,0.0003536,0.8208,543706,"eGFR (log-transformed)","G","T","T","G",FALSE,TRUE,-8e-05,0.48,FALSE,TRUE,6.1700605127871e-05,-0.226244343891403,9.41437069371391e-08,TRUE
"rs12780952","A","G",0.00747457,0.00135361,3.40001e-08,0.286382,"Fresh fruit intake","ukb-b-3881",30.4919584044339,10,107577033,"A","G",0.28,0.000646,0.0003832,0.09174,567068,"eGFR (log-transformed)","A","G","A","G",TRUE,FALSE,0.000646,0.28,FALSE,TRUE,6.09801979975462e-05,1.68580375782881,5.01160366527706e-06,TRUE
"rs78537042","A","C",-0.0119259,0.00218432,4.79999e-08,0.086801,"Fresh fruit intake","ukb-b-3881",29.8091644066195,21,33068937,"A","C",0.073,0.000617,0.000833,0.4586,473914,"eGFR (log-transformed)","A","C","A","C",TRUE,FALSE,0.000617,0.073,FALSE,TRUE,5.961477468e-05,0.740696278511405,1.15765801785471e-06,TRUE
"rs12629972","C","T",0.0117995,0.00159079,1.20005e-13,0.588311,"Cooked vegetable intake","ukb-b-8089",55.0175826677539,3,25121444,"T","C",0.4,-0.000842,0.00036,0.01932,524202,"eGFR (log-transformed)","C","T","T","C",FALSE,TRUE,0.000842,0.6,FALSE,TRUE,0.000110023058930028,2.33888888888889,1.0435565197842e-05,TRUE
"rs10156602","G","A",0.0110063,0.00163687,1.80011e-11,0.361369,"Cooked vegetable intake","ukb-b-8089",45.2120619664345,9,96345328,"A","G",0.62,0.000131,0.0003646,0.7193,525153,"eGFR (log-transformed)","G","A","A","G",FALSE,TRUE,-0.000131,0.38,FALSE,TRUE,9.04159481499681e-05,-0.359297860669227,2.45823447541796e-07,TRUE
"rs28711392","C","T",-0.0107461,0.00163223,4.60045e-11,0.367132,"Cooked vegetable intake","ukb-b-8089",43.3450036328883,11,13349559,"T","C",0.62,0.000258,0.0003567,0.4687,567401,"eGFR (log-transformed)","C","T","T","C",FALSE,TRUE,-0.000258,0.38,FALSE,TRUE,8.66824927598495e-05,-0.723296888141295,9.22024998245983e-07,TRUE
"rs4851029","G","T",0.0101744,0.00156423,7.8001e-11,0.526969,"Cooked vegetable intake","ukb-b-8089",42.3074055483066,2,104159785,"T","G",0.47,-0.000672,0.0003436,0.05064,567075,"eGFR (log-transformed)","G","T","T","G",FALSE,TRUE,0.000672,0.53,FALSE,TRUE,8.46076520361188e-05,1.9557625145518,6.74510640258643e-06,TRUE
"rs2052063","T","C",-0.00945755,0.0015679,1.6e-09,0.515902,"Cooked vegetable intake","ukb-b-8089",36.3848485686151,10,118040352,"T","C",0.52,0.000601,0.000351,0.08692,524202,"eGFR (log-transformed)","T","C","T","C",TRUE,FALSE,0.000601,0.52,FALSE,TRUE,7.27644020937274e-05,1.71225071225071,5.59285562522645e-06,TRUE
"rs2844672","A","G",-0.00964215,0.00160923,2.1e-09,0.624125,"Cooked vegetable intake","ukb-b-8089",35.9014117112572,6,31005139,"A","G",0.61,-0.000437,0.0003754,0.2446,490748,"eGFR (log-transformed)","A","G","A","G",TRUE,FALSE,-0.000437,0.61,FALSE,TRUE,7.17976681472264e-05,-1.16409163558871,2.76130640201387e-06,TRUE
"rs2102738","C","A",-0.0121578,0.00208302,5.30005e-09,0.172403,"Cooked vegetable intake","ukb-b-8089",34.0661543621863,2,172525884,"A","C",0.83,-0.000283,0.0004643,0.5417,558234,"eGFR (log-transformed)","C","A","A","C",FALSE,TRUE,0.000283,0.17,FALSE,TRUE,6.81276670291299e-05,0.609519707085936,6.65516658027256e-07,TRUE
"rs2252508","G","A",0.0091021,0.00156216,5.69994e-09,0.480256,"Cooked vegetable intake","ukb-b-8089",33.9494058922841,1,153913770,"A","G",0.52,2.1e-05,0.0003424,0.9513,567155,"eGFR (log-transformed)","G","A","A","G",FALSE,TRUE,-2.1e-05,0.48,FALSE,TRUE,6.78942018489356e-05,-0.0613317757009346,6.63237860140787e-09,TRUE
"rs10161952","C","A",-0.0095798,0.00168589,1.29999e-08,0.31274,"Cooked vegetable intake","ukb-b-8089",32.2889866446831,13,59474383,"A","C",0.69,-4.1e-05,0.0003734,0.9135,567292,"eGFR (log-transformed)","C","A","A","C",FALSE,TRUE,4.1e-05,0.31,FALSE,TRUE,6.4573803244025e-05,0.109801821103374,2.12526171026324e-08,TRUE
"rs11138705","C","G",0.0103715,0.00183004,1.40001e-08,0.757204,"Cooked vegetable intake","ukb-b-8089",32.1189972759439,9,83121545,"C","G",0.75,-0.000193,0.0004125,0.6404,525153,"eGFR (log-transformed)","C","G","C","G",TRUE,FALSE,-0.000193,0.75,TRUE,TRUE,6.4233868297006e-05,-0.467878787878788,4.16850839457973e-07,TRUE
"rs349062","C","G",-0.00890406,0.00159767,2.5e-08,0.39275,"Cooked vegetable intake","ukb-b-8089",31.0600388717119,11,84788804,"C","G",0.39,-0.000185,0.0003506,0.5981,567348,"eGFR (log-transformed)","C","G","C","G",TRUE,FALSE,-0.000185,0.39,TRUE,TRUE,6.21162190790655e-05,-0.527666856816885,4.90760829577859e-07,TRUE
"rs1816263","C","T",0.00958122,0.00174063,3.69999e-08,0.280188,"Cooked vegetable intake","ukb-b-8089",30.2990279673009,5,141217079,"T","C",0.73,-0.000426,0.0004029,0.2903,525153,"eGFR (log-transformed)","C","T","T","C",FALSE,TRUE,0.000426,0.27,FALSE,TRUE,6.05943840327289e-05,1.05733432613552,2.1288148354925e-06,TRUE
"rs34155012","T","C",0.0105584,0.00192208,3.89996e-08,0.227386,"Cooked vegetable intake","ukb-b-8089",30.1754185400678,22,48977215,"T","C",0.23,-4e-05,0.0004883,0.9346,446175,"eGFR (log-transformed)","T","C","T","C",TRUE,FALSE,-4e-05,0.23,FALSE,TRUE,6.03471950763973e-05,-0.0819168543927913,1.50397734805565e-08,TRUE
"rs28450747","A","G",-0.0101604,0.0018547,4.30002e-08,0.23257,"Cooked vegetable intake","ukb-b-8089",30.0105716248115,4,42137653,"A","G",0.23,-0.000352,0.0004207,0.4034,525153,"eGFR (log-transformed)","A","G","A","G",TRUE,FALSE,-0.000352,0.23,FALSE,TRUE,6.00175409282015e-05,-0.836700736867126,1.33307281845901e-06,TRUE
"rs790561","G","A",0.012474,0.00156199,1.39991e-15,0.704134,"Salad/raw vegetable intake","ukb-b-1996",63.7756628478418,8,64618026,"A","G",0.29,-0.00034,0.0003802,0.3709,567203,"eGFR (log-transformed)","G","A","A","G",FALSE,TRUE,0.00034,0.71,FALSE,TRUE,0.000127535058429908,0.894266175697002,1.40992002063775e-06,TRUE
"rs3095337","C","G",-0.0126218,0.00176637,8.99912e-13,0.203909,"Salad/raw vegetable intake","ukb-b-1996",51.0598139907693,6,30737591,"C","G",0.18,-0.002575,0.0004914,1.598e-07,519783,"eGFR (log-transformed)","C","G","C","G",TRUE,FALSE,-0.002575,0.18,TRUE,TRUE,0.000102109200627957,-5.24013024013024,5.28249565970734e-05,TRUE
"rs6482190","G","A",0.0112719,0.00159025,1.39991e-12,0.719408,"Salad/raw vegetable intake","ukb-b-1996",50.2415981960105,10,22037809,"A","G",0.28,0.001151,0.0003984,0.003866,540147,"eGFR (log-transformed)","G","A","A","G",FALSE,TRUE,-0.001151,0.72,FALSE,TRUE,0.000100473100533728,-2.8890562248996,1.54523063086576e-05,TRUE
"rs17460017","T","A",0.0111744,0.00181338,7.19996e-10,0.190124,"Salad/raw vegetable intake","ukb-b-1996",37.9726392723966,5,137717681,"A","T",0.81,-0.001006,0.0004354,0.02089,566952,"eGFR (log-transformed)","T","A","A","T",FALSE,TRUE,0.001006,0.19,TRUE,TRUE,7.59395112974552e-05,2.31051906293064,9.41604945851054e-06,TRUE
"rs62461186","C","A",-0.0113438,0.00185732,1e-09,0.179827,"Salad/raw vegetable intake","ukb-b-1996",37.3029906377796,7,77730153,"A","C",0.82,0.000618,0.0004545,0.1737,567090,"eGFR (log-transformed)","C","A","A","C",FALSE,TRUE,-0.000618,0.18,FALSE,TRUE,7.4600415638347e-05,-1.35973597359736,3.26028653301935e-06,TRUE
"rs12203592","T","C",-0.0102862,0.00169411,1.29999e-09,0.219338,"Salad/raw vegetable intake","ukb-b-1996",36.8660592322392,6,396321,"T","C",0.19,-0.000182,0.0005825,0.7545,423210,"eGFR (log-transformed)","T","C","T","C",TRUE,FALSE,-0.000182,0.19,FALSE,TRUE,7.37266824399948e-05,-0.31244635193133,2.30672007552674e-07,TRUE
"rs57221424","G","C",0.00894101,0.00153327,5.49997e-09,0.321733,"Salad/raw vegetable intake","ukb-b-1996",34.0044601583032,7,35215670,"C","G",0.68,-0.000294,0.00039,0.4502,520496,"eGFR (log-transformed)","G","C","C","G",FALSE,TRUE,0.000294,0.32,TRUE,TRUE,6.80042954178981e-05,0.753846153846154,1.09181127849154e-06,TRUE
"rs1890012","G","T",-0.0104258,0.00180794,8.10009e-09,0.19473,"Salad/raw vegetable intake","ukb-b-1996",33.2545252485517,13,54933682,"T","G",0.8,0.000149,0.0004417,0.7361,525153,"eGFR (log-transformed)","G","T","T","G",FALSE,TRUE,-0.000149,0.2,FALSE,TRUE,6.65046273374855e-05,-0.337333031469323,2.16686469396072e-07,TRUE
"rs1052352","T","C",0.00816444,0.00142564,1e-08,0.52355,"Salad/raw vegetable intake","ukb-b-1996",32.7969199128645,16,31195279,"T","C",0.52,-0.00016,0.0003512,0.6487,561828,"eGFR (log-transformed)","T","C","T","C",TRUE,FALSE,-0.00016,0.52,FALSE,TRUE,6.55895375561084e-05,-0.455580865603645,3.69425960308774e-07,TRUE
"rs12908495","A","C",-0.00935,0.00166573,2e-08,0.242533,"Salad/raw vegetable intake","ukb-b-1996",31.5075044835833,15,97011280,"A","C",0.24,-7e-06,0.0004091,0.9872,560450,"eGFR (log-transformed)","A","C","A","C",TRUE,FALSE,-7e-06,0.24,FALSE,TRUE,6.30110383260215e-05,-0.0171107308726473,5.22396486471976e-10,TRUE
"rs75248709","T","C",-0.0197339,0.00352774,2.19999e-08,0.045947,"Salad/raw vegetable intake","ukb-b-1996",31.2919557425429,6,92348945,"T","C",0.05,-0.000339,0.0008569,0.6921,524734,"eGFR (log-transformed)","T","C","T","C",TRUE,FALSE,-0.000339,0.05,FALSE,TRUE,6.25799949842189e-05,-0.395612090092193,2.98263270811972e-07,TRUE
"rs1828021","G","A",0.00798427,0.00143013,2.39999e-08,0.499269,"Salad/raw vegetable intake","ukb-b-1996",31.1687507284597,4,63740518,"A","G",0.49,0.000195,0.0003439,0.5714,567446,"eGFR (log-transformed)","G","A","A","G",FALSE,TRUE,-0.000195,0.51,FALSE,TRUE,6.23336157350577e-05,-0.567025298051759,5.66604586969137e-07,TRUE
"rs8130508","A","G",0.0087404,0.00157797,2.99999e-08,0.289686,"Salad/raw vegetable intake","ukb-b-1996",30.6806906836,21,19049865,"A","G",0.3,0.000142,0.0003878,0.7151,524046,"eGFR (log-transformed)","A","G","A","G",TRUE,FALSE,0.000142,0.3,FALSE,TRUE,6.13576163791015e-05,0.36616812790098,2.55853615113724e-07,TRUE
"rs4083969","G","C",0.017133,0.00311517,3.79997e-08,0.057217,"Salad/raw vegetable intake","ukb-b-1996",30.2484639877577,1,231866480,"C","G",0.94,-0.000448,0.0007885,0.5702,501061,"eGFR (log-transformed)","G","C","C","G",FALSE,TRUE,0.000448,0.0600000000000001,TRUE,TRUE,6.04932683186189e-05,0.568167406467977,6.44260866034256e-07,TRUE
"rs7821179","C","G",-0.0108184,0.00197644,4.39997e-08,0.846577,"Salad/raw vegetable intake","ukb-b-1996",29.9611721929383,8,83061099,"C","G",0.84,-0.000205,0.0004824,0.6705,525153,"eGFR (log-transformed)","C","G","C","G",TRUE,FALSE,-0.000205,0.84,TRUE,TRUE,5.99187539136694e-05,-0.424958540630182,3.43880162835017e-07,TRUE
"rs10740991","C","G",0.016739,0.00185722,1.99986e-19,0.717606,"Dried fruit intake","ukb-b-16576",81.2329668311134,10,22058137,"C","G",0.72,-0.001199,0.000399,0.002659,507066,"eGFR (log-transformed)","C","G","C","G",TRUE,FALSE,-0.001199,0.72,TRUE,TRUE,0.000162439542770247,-3.00501253132832,1.78082133361089e-05,TRUE
"rs11772627","C","G",0.0183338,0.00217099,2.99985e-17,0.18202,"Dried fruit intake","ukb-b-16576",71.3163869597142,7,2109821,"C","G",0.2,-0.000838,0.0004351,0.054,567328,"eGFR (log-transformed)","C","G","C","G",TRUE,FALSE,-0.000838,0.2,TRUE,TRUE,0.000142612432712555,-1.92599402436222,6.53841997560051e-06,TRUE
"rs3101339","C","A",0.0142595,0.00170546,6.20012e-17,0.603285,"Dried fruit intake","ukb-b-16576",69.9077813612439,1,72748669,"A","C",0.39,1.7e-05,0.0003594,0.9616,525153,"eGFR (log-transformed)","C","A","A","C",FALSE,TRUE,-1.7e-05,0.61,FALSE,TRUE,0.000139796017063696,-0.0473010573177518,4.26045364654671e-09,TRUE
"rs10896126","G","A",-0.015009,0.00181919,1.59993e-16,0.303582,"Dried fruit intake","ukb-b-16576",68.0686903957539,11,66292908,"A","G",0.7,-0.000436,0.0003775,0.2477,567192,"eGFR (log-transformed)","G","A","A","G",FALSE,TRUE,0.000436,0.3,FALSE,TRUE,0.000136118849927802,1.15496688741722,2.35184095296739e-06,TRUE
"rs34162196","T","C",-0.0223628,0.00277168,7.10068e-16,0.101001,"Dried fruit intake","ukb-b-16576",65.0977807664474,14,22038125,"T","C",0.1,-0.000142,0.0005789,0.8061,561828,"eGFR (log-transformed)","T","C","T","C",TRUE,FALSE,-0.000142,0.1,FALSE,TRUE,0.000130178612855294,-0.245292796683365,1.070942524421e-07,TRUE
"rs746868","G","C",-0.0129055,0.00171452,5.19996e-14,0.614662,"Dried fruit intake","ukb-b-16576",56.6584330134588,6,31540429,"C","G",0.39,-0.000177,0.0003553,0.6189,559408,"eGFR (log-transformed)","G","C","C","G",FALSE,TRUE,0.000177,0.61,TRUE,TRUE,0.000113304026769696,0.498170560090065,4.43636481497315e-07,TRUE
"rs4269101","G","T",-0.0138099,0.00185921,1.10002e-13,0.718948,"Dried fruit intake","ukb-b-16576",55.1726919539361,3,18763543,"T","G",0.29,0.000599,0.0003764,0.1112,567260,"eGFR (log-transformed)","G","T","T","G",FALSE,TRUE,-0.000599,0.71,FALSE,TRUE,0.000110333209147551,-1.5913921360255,4.46447418149313e-06,TRUE
"rs9385269","T","C",0.0120673,0.00168183,7.19946e-13,0.524565,"Dried fruit intake","ukb-b-16576",51.4820733804149,6,98547979,"T","C",0.52,0.000776,0.0003506,0.02688,524046,"eGFR (log-transformed)","T","C","T","C",TRUE,FALSE,0.000776,0.52,FALSE,TRUE,0.000102953546236785,2.21334854535083,9.34816025195157e-06,TRUE
"rs4149513","A","G",0.01173,0.00167139,2.19989e-12,0.493537,"Dried fruit intake","ukb-b-16576",49.2538774374099,2,101022726,"A","G",0.48,0.000733,0.0003428,0.03243,566086,"eGFR (log-transformed)","A","G","A","G",TRUE,FALSE,0.000733,0.48,FALSE,TRUE,9.84980520528526e-05,2.13827304550758,8.07681993233247e-06,TRUE
"rs3764002","T","C",0.0131215,0.00190081,5.10035e-12,0.261416,"Dried fruit intake","ukb-b-16576",47.6529239017028,12,108618630,"T","C",0.27,0.000279,0.0004042,0.4908,541219,"eGFR (log-transformed)","T","C","T","C",TRUE,FALSE,0.000279,0.27,FALSE,TRUE,9.52967654643801e-05,0.690252350321623,8.80323654002926e-07,TRUE
"rs2328887","C","T",0.0189482,0.00277607,8.80035e-12,0.899467,"Dried fruit intake","ukb-b-16576",46.5881102389246,6,25430149,"T","C",0.091,-0.001742,0.0006181,0.004833,565837,"eGFR (log-transformed)","C","T","T","C",FALSE,TRUE,0.001742,0.909,FALSE,TRUE,9.31675394786494e-05,2.81831418864261,1.40372286889556e-05,TRUE
"rs11811826","A","T",0.0132178,0.0020058,4.40048e-11,0.224231,"Dried fruit intake","ukb-b-16576",43.4253271057855,1,204603861,"A","T",0.22,-0.000414,0.0004215,0.3264,525153,"eGFR (log-transformed)","A","T","A","T",TRUE,FALSE,-0.000414,0.22,TRUE,TRUE,8.68431118304947e-05,-0.98220640569395,1.83704111209232e-06,TRUE
"rs7808471","C","T",-0.0115362,0.00178604,1.09999e-10,0.322136,"Dried fruit intake","ukb-b-16576",41.7198935088211,7,132716502,"T","C",0.68,0.000421,0.0003697,0.2552,557951,"eGFR (log-transformed)","C","T","T","C",FALSE,TRUE,-0.000421,0.32,FALSE,TRUE,8.34328254004606e-05,-1.13876115769543,2.32417176480265e-06,TRUE
"rs7599488","T","C",-0.0104154,0.00168729,6.69993e-10,0.426408,"Dried fruit intake","ukb-b-16576",38.1041643653795,2,60718347,"T","C",0.44,-0.000114,0.000352,0.7461,525153,"eGFR (log-transformed)","T","C","T","C",TRUE,FALSE,-0.000114,0.44,FALSE,TRUE,7.62025214639532e-05,-0.323863636363636,1.99727763165594e-07,TRUE
"rs75641275","C","A",-0.0141613,0.00238518,2.90001e-09,0.143372,"Dried fruit intake","ukb-b-16576",35.2503901591264,1,98327133,"A","C",0.84,0.000101,0.0004782,0.8321,566428,"eGFR (log-transformed)","C","A","A","C",FALSE,TRUE,-0.000101,0.16,FALSE,TRUE,7.04958103086169e-05,-0.211208699289,7.87551306470633e-08,TRUE
"rs1622515","G","A",0.00991719,0.00167077,2.90001e-09,0.484704,"Dried fruit intake","ukb-b-16576",35.2325381208322,11,95523433,"A","G",0.51,-0.000405,0.0003445,0.2394,567191,"eGFR (log-transformed)","G","A","A","G",FALSE,TRUE,0.000405,0.49,FALSE,TRUE,7.04601112645522e-05,1.17561683599419,2.43669518271207e-06,TRUE
"rs62084586","C","T",0.0133946,0.00226174,3.2e-09,0.165729,"Dried fruit intake","ukb-b-16576",35.073098924009,17,56419228,"T","C",0.83,-0.00109,0.0005025,0.03003,339189,"eGFR (log-transformed)","C","T","T","C",FALSE,TRUE,0.00109,0.17,FALSE,TRUE,7.01412777040748e-05,2.16915422885572,1.38718083384572e-05,TRUE
"rs10026792","A","G",0.0108465,0.0018423,3.89996e-09,0.290404,"Dried fruit intake","ukb-b-16576",34.6623926024798,4,2862190,"A","G",0.3,-0.001404,0.0003791,0.0002112,560721,"eGFR (log-transformed)","A","G","A","G",TRUE,FALSE,-0.001404,0.3,FALSE,TRUE,6.93199796122627e-05,-3.70350830915326,2.44607180637059e-05,TRUE
"rs2533273","A","C",-0.00987659,0.00167714,3.89996e-09,0.48453,"Dried fruit intake","ukb-b-16576",34.6797068000411,7,153485282,"A","C",0.48,-6.2e-05,0.00038,0.8701,477159,"eGFR (log-transformed)","A","C","A","C",TRUE,FALSE,-6.2e-05,0.48,FALSE,TRUE,6.93546032054734e-05,-0.163157894736842,5.57895735589441e-08,TRUE
"rs7829800","G","A",-0.0104463,0.00178709,5.1e-09,0.671041,"Dried fruit intake","ukb-b-16576",34.1689897459359,8,144258705,"A","G",0.32,0.00041,0.0003756,0.2748,546804,"eGFR (log-transformed)","G","A","A","G",FALSE,TRUE,-0.00041,0.68,FALSE,TRUE,6.83333097315527e-05,-1.09158679446219,2.17913390039518e-06,TRUE
"rs1582322","G","A",0.00994346,0.00171571,6.80002e-09,0.604805,"Dried fruit intake","ukb-b-16576",33.5882438064495,16,52105988,"A","G",0.39,-6.8e-05,0.0003508,0.8468,566094,"eGFR (log-transformed)","G","A","A","G",FALSE,TRUE,6.8e-05,0.61,FALSE,TRUE,6.71719752355367e-05,0.193842645381984,6.63758468993049e-08,TRUE
"rs11720884","G","A",0.0111797,0.00193554,7.59994e-09,0.250137,"Dried fruit intake","ukb-b-16576",33.3623010969481,3,43941406,"A","G",0.74,-0.000253,0.0004001,0.5267,525153,"eGFR (log-transformed)","G","A","A","G",FALSE,TRUE,0.000253,0.26,FALSE,TRUE,6.6720150318408e-05,0.63234191452137,7.61408565516224e-07,TRUE
"rs57499472","C","T",0.00991231,0.00171869,8.10009e-09,0.404131,"Dried fruit intake","ukb-b-16576",33.2624819168689,3,147239337,"T","C",0.58,1.6e-05,0.0003493,0.9631,567404,"eGFR (log-transformed)","C","T","T","C",FALSE,TRUE,-1.6e-05,0.42,FALSE,TRUE,6.65205385573161e-05,-0.0458058975093043,3.69785944208028e-09,TRUE
"rs72720396","G","A",0.0114265,0.00198541,8.70001e-09,0.229157,"Dried fruit intake","ukb-b-16576",33.1227234041673,1,91191582,"A","G",0.77,-0.000312,0.0004239,0.4624,525153,"eGFR (log-transformed)","G","A","A","G",FALSE,TRUE,0.000312,0.23,FALSE,TRUE,6.6241058639808e-05,0.736022646850672,1.0315637116207e-06,TRUE
"rs7582086","T","G",-0.00962821,0.00167381,8.79995e-09,0.468273,"Dried fruit intake","ukb-b-16576",33.0886304379707,2,60231826,"T","G",0.48,-0.000759,0.000343,0.02691,567098,"eGFR (log-transformed)","T","G","T","G",TRUE,FALSE,-0.000759,0.48,FALSE,TRUE,6.61728817358838e-05,-2.21282798833819,8.63442549008895e-06,TRUE
"rs1797235","C","G",-0.0100206,0.00174235,8.9e-09,0.374623,"Dried fruit intake","ukb-b-16576",33.0762795224968,15,47821612,"C","G",0.38,-0.000259,0.0003633,0.4762,525153,"eGFR (log-transformed)","C","G","C","G",TRUE,FALSE,-0.000259,0.38,TRUE,TRUE,6.61481831734005e-05,-0.712909441233141,9.67792966103928e-07,TRUE
"rs261809","G","A",-0.00962858,0.00167902,9.80009e-09,0.540636,"Dried fruit intake","ukb-b-16576",32.8861283574326,1,241054465,"A","G",0.48,0.000402,0.0003557,0.2579,519421,"eGFR (log-transformed)","G","A","A","G",FALSE,TRUE,-0.000402,0.52,FALSE,TRUE,6.57679310096232e-05,-1.13016587011527,2.45902986809598e-06,TRUE
"rs11586016","C","G",0.00987818,0.00173034,1.09999e-08,0.371004,"Dried fruit intake","ukb-b-16576",32.5904964699427,1,44031793,"C","G",0.37,0.000314,0.0003616,0.3852,525153,"eGFR (log-transformed)","C","G","C","G",TRUE,FALSE,0.000314,0.37,TRUE,TRUE,6.51767446549521e-05,0.868362831858407,1.43587283139864e-06,TRUE
"rs893856","A","G",-0.013361,0.00234923,1.29999e-08,0.148988,"Dried fruit intake","ukb-b-16576",32.3464669417188,10,126723567,"A","G",0.16,4e-04,0.0004735,0.3986,558078,"eGFR (log-transformed)","A","G","A","G",TRUE,FALSE,4e-04,0.16,FALSE,TRUE,6.46887489784768e-05,0.844772967265048,1.27874679463298e-06,TRUE
"rs8081370","T","C",-0.0166666,0.00293795,1.40001e-08,0.910232,"Dried fruit intake","ukb-b-16576",32.1814215341697,17,1373612,"T","C",0.9,0.000332,0.0006248,0.5954,514805,"eGFR (log-transformed)","T","C","T","C",TRUE,FALSE,0.000332,0.9,FALSE,TRUE,6.43587007593823e-05,0.531370038412292,5.48467794330165e-07,TRUE
"rs1648404","T","C",0.00941595,0.00167357,1.79999e-08,0.476112,"Dried fruit intake","ukb-b-16576",31.6548691725477,4,37175523,"T","C",0.47,0.000471,0.0003445,0.1712,561828,"eGFR (log-transformed)","T","C","T","C",TRUE,FALSE,0.000471,0.47,FALSE,TRUE,6.33057304758632e-05,1.36719883889695,3.32704394594423e-06,TRUE
"rs4140799","A","G",0.0094566,0.00167846,1.79999e-08,0.531856,"Dried fruit intake","ukb-b-16576",31.7430056997521,14,72170969,"A","G",0.53,0.000299,0.0003421,0.3816,567327,"eGFR (log-transformed)","A","G","A","G",TRUE,FALSE,0.000299,0.53,FALSE,TRUE,6.34819811817233e-05,0.874013446360713,1.34648708035845e-06,TRUE
"rs17184707","T","C",-0.0114381,0.00204011,2.1e-08,0.212811,"Dried fruit intake","ukb-b-16576",31.4340694971303,2,166183577,"T","C",0.21,0.000583,0.0004236,0.169,567206,"eGFR (log-transformed)","T","C","T","C",TRUE,FALSE,0.000583,0.21,FALSE,TRUE,6.28641868398246e-05,1.37629839471199,3.33951147483151e-06,TRUE
"rs10129747","G","A",0.00935902,0.00168126,2.59998e-08,0.530254,"Dried fruit intake","ukb-b-16576",30.9878175098962,14,77433198,"A","G",0.49,0.000526,0.0003494,0.132,561828,"eGFR (log-transformed)","G","A","A","G",FALSE,TRUE,-0.000526,0.51,FALSE,TRUE,6.19717942784887e-05,-1.50543789353177,4.03385753144303e-06,TRUE
"rs12137234","T","C",0.0102051,0.00183744,2.80001e-08,0.303772,"Dried fruit intake","ukb-b-16576",30.8466635459711,1,72270797,"T","C",0.29,-4.9e-05,0.0003998,0.9021,521524,"eGFR (log-transformed)","T","C","T","C",TRUE,FALSE,-4.9e-05,0.29,FALSE,TRUE,6.16895212601289e-05,-0.12256128064032,2.88026381902716e-08,TRUE
"rs862227","G","A",-0.0091646,0.00167238,4.30002e-08,0.458327,"Dried fruit intake","ukb-b-16576",30.0301221307807,16,73602926,"A","G",0.55,0.000278,0.0003495,0.4263,560721,"eGFR (log-transformed)","G","A","A","G",FALSE,TRUE,-0.000278,0.45,FALSE,TRUE,6.00566372452589e-05,-0.795422031473534,1.12836061828253e-06,TRUE
"rs11632215","C","A",-0.0141434,0.00258382,4.39997e-08,0.120179,"Dried fruit intake","ukb-b-16576",29.9628511775074,15,45319982,"A","C",0.88,-9e-06,0.0005867,0.988,461459,"eGFR (log-transformed)","C","A","A","C",FALSE,TRUE,9e-06,0.12,FALSE,TRUE,5.99221114803978e-05,0.0153400374978694,5.09940753817875e-10,TRUE
"rs11152349","A","G",0.00991215,0.0018176,4.90004e-08,0.302856,"Dried fruit intake","ukb-b-16576",29.7398725538778,18,60233646,"A","G",0.31,0.000688,0.0003698,0.06279,567292,"eGFR (log-transformed)","A","G","A","G",TRUE,FALSE,0.000688,0.31,FALSE,TRUE,5.94762074780948e-05,1.86046511627907,6.10145979446691e-06,TRUE
"rs4410790","C","T",0.0405506,0.00219507,3.40017e-76,0.631224,"Tea intake","ukb-b-6066",341.269770598383,7,17284577,"T","C",0.37,-0.002286,0.000359,1.923e-10,559629,"eGFR (log-transformed)","C","T","T","C",FALSE,TRUE,0.002286,0.63,FALSE,TRUE,0.000682073998722615,6.36768802228412,7.2448913709583e-05,TRUE
"rs9624470","A","G",0.0252071,0.00215485,1.29987e-31,0.580054,"Tea intake","ukb-b-6066",136.839563548634,22,24820268,"A","G",0.57,7.5e-05,0.000359,0.8344,525153,"eGFR (log-transformed)","A","G","A","G",TRUE,FALSE,7.5e-05,0.57,FALSE,TRUE,0.000273604247325689,0.20891364902507,8.31089399121542e-08,TRUE
"rs17685","A","G",0.0230655,0.00236195,1.59993e-22,0.277512,"Tea intake","ukb-b-6066",95.3639754378328,7,75616105,"A","G",0.28,0.001965,0.0003846,3.244e-07,561828,"eGFR (log-transformed)","A","G","A","G",TRUE,FALSE,0.001965,0.28,FALSE,TRUE,0.000190691580661237,5.10920436817473,4.64604050969132e-05,TRUE
"rs2478875","G","A",0.0218943,0.00261129,5.10035e-17,0.208758,"Tea intake","ukb-b-6066",70.2994484928915,6,51283110,"A","G",0.79,0.001039,0.0004198,0.01329,567327,"eGFR (log-transformed)","G","A","A","G",FALSE,TRUE,-0.001039,0.21,FALSE,TRUE,0.000140579131714925,-2.47498808956646,1.07971238897503e-05,TRUE
"rs1481012","G","A",-0.0262435,0.00335608,5.30029e-15,0.112209,"Tea intake","ukb-b-6066",61.1475273931971,4,89039082,"A","G",0.89,0.000221,0.0005679,0.6977,525153,"eGFR (log-transformed)","G","A","A","G",FALSE,TRUE,-0.000221,0.11,FALSE,TRUE,0.0001222801005348,-0.389153019897869,2.88373158345053e-07,TRUE
"rs977474","T","C",0.0217813,0.00285559,2.39994e-14,0.833746,"Tea intake","ukb-b-6066",58.1802909272559,12,11284772,"T","C",0.85,0.001022,0.0005093,0.04482,527259,"eGFR (log-transformed)","T","C","T","C",TRUE,FALSE,0.001022,0.85,FALSE,TRUE,0.000116347043644816,2.00667582957,7.63707614739666e-06,TRUE
"rs4652274","C","T",-0.0157568,0.0021744,4.30031e-13,0.387218,"Tea intake","ukb-b-6066",52.5118315690074,1,174218572,"T","C",0.63,-0.000128,0.0003537,0.7179,566270,"eGFR (log-transformed)","C","T","T","C",FALSE,TRUE,0.000128,0.37,FALSE,TRUE,0.000105012634326482,0.361888606163415,2.31273655645759e-07,TRUE
"rs72797284","G","A",-0.0171147,0.00238353,7.00003e-13,0.270797,"Tea intake","ukb-b-6066",51.5581513177161,5,152031650,"A","G",0.74,-9.8e-05,0.0003901,0.8022,567438,"eGFR (log-transformed)","G","A","A","G",FALSE,TRUE,9.8e-05,0.26,FALSE,TRUE,0.000103105670759883,0.251217636503461,1.11219717169585e-07,TRUE
"rs4817505","C","T",0.015068,0.0021746,4.19952e-12,0.38998,"Tea intake","ukb-b-6066",48.0122938743558,21,34343828,"T","C",0.61,-4.8e-05,0.000355,0.8932,561828,"eGFR (log-transformed)","C","T","T","C",FALSE,TRUE,4.8e-05,0.39,FALSE,TRUE,9.60153679125902e-05,0.135211267605634,3.25403616277875e-08,TRUE
"rs4808940","G","C",0.015123,0.00224718,1.69981e-11,0.335314,"Tea intake","ukb-b-6066",45.2897770089523,19,19410948,"C","G",0.67,0.000524,0.0003664,0.1527,567120,"eGFR (log-transformed)","G","C","C","G",FALSE,TRUE,-0.000524,0.33,TRUE,TRUE,9.05713501054052e-05,-1.43013100436681,3.60641013110429e-06,TRUE
"rs2273447","T","A",0.0174715,0.00263421,3.29989e-11,0.203788,"Tea intake","ukb-b-6066",43.9905707706108,20,62900120,"A","T",0.8,-0.002059,0.000434,2.103e-06,566542,"eGFR (log-transformed)","T","A","A","T",FALSE,TRUE,0.002059,0.2,TRUE,TRUE,8.79734015409287e-05,4.74423963133641,3.9726826105923e-05,TRUE
"rs9937354","A","G",-0.0140923,0.0021433,4.90004e-11,0.424074,"Tea intake","ukb-b-6066",43.2312538806522,16,53799847,"A","G",0.43,6.5e-05,0.0003467,0.8512,567419,"eGFR (log-transformed)","A","G","A","G",TRUE,FALSE,6.5e-05,0.43,FALSE,TRUE,8.64550326423736e-05,0.187481972887222,6.19462654234446e-08,TRUE
"rs132904","C","G",0.0166007,0.00255257,7.8001e-11,0.778651,"Tea intake","ukb-b-6066",42.2958231106201,22,41798896,"C","G",0.78,-0.001346,0.0004331,0.001882,519421,"eGFR (log-transformed)","C","G","C","G",TRUE,FALSE,-0.001346,0.78,TRUE,TRUE,8.45844910798949e-05,-3.10782729161856,1.85945714115888e-05,TRUE
"rs11587444","G","A",0.0140328,0.00217078,1e-10,0.393464,"Tea intake","ukb-b-6066",41.7885255365828,1,150722844,"A","G",0.61,0.001009,0.0003595,0.005023,525153,"eGFR (log-transformed)","G","A","A","G",FALSE,TRUE,-0.001009,0.39,FALSE,TRUE,8.35700665334467e-05,-2.80667593880389,1.50000317312543e-05,TRUE
"rs12591786","T","C",-0.0184399,0.00294243,3.69999e-10,0.158804,"Tea intake","ukb-b-6066",39.2739735593166,15,60902512,"T","C",0.16,-0.000124,0.0004985,0.8037,523248,"eGFR (log-transformed)","T","C","T","C",TRUE,FALSE,-0.000124,0.16,FALSE,TRUE,7.85417778232221e-05,-0.248746238716148,1.18251161893934e-07,TRUE
"rs713598","G","C",0.0133969,0.00215659,5.19996e-10,0.402254,"Tea intake","ukb-b-6066",38.5898825791401,7,141673345,"C","G",0.6,0.000716,0.00037,0.05297,515063,"eGFR (log-transformed)","G","C","C","G",FALSE,TRUE,-0.000716,0.4,TRUE,TRUE,7.71738089018329e-05,-1.93513513513514,7.27041306669233e-06,TRUE
"rs10752269","A","G",-0.0128727,0.00211975,1.29999e-09,0.506082,"Tea intake","ukb-b-6066",36.8782248806258,10,12692902,"A","G",0.53,-6.2e-05,0.0003476,0.8576,558234,"eGFR (log-transformed)","A","G","A","G",TRUE,FALSE,-6.2e-05,0.53,FALSE,TRUE,7.37510101485767e-05,-0.178365937859609,5.69911649512528e-08,TRUE
"rs2117137","G","A",0.0129948,0.0021557,1.7e-09,0.405148,"Tea intake","ukb-b-6066",36.338128477065,3,89525505,"A","G",0.59,-0.000229,0.0003593,0.5242,523534,"eGFR (log-transformed)","G","A","A","G",FALSE,TRUE,0.000229,0.41,FALSE,TRUE,7.26709754996415e-05,0.637350403562483,7.75909915563452e-07,TRUE
"rs141071726","A","G",0.0407321,0.00681204,2.19999e-09,0.026713,"Tea intake","ukb-b-6066",35.7535544441746,7,17558580,"A","G",0.024,0.00136,0.0013524,0.3146,472998,"eGFR (log-transformed)","A","G","A","G",TRUE,FALSE,0.00136,0.024,FALSE,TRUE,7.15019959873365e-05,1.00561963916001,2.13799782783313e-06,TRUE
"rs1156588","G","A",-0.015454,0.00260325,2.90001e-09,0.210071,"Tea intake","ukb-b-6066",35.2411491633877,2,58515375,"A","G",0.79,0.000698,0.0004221,0.09839,567430,"eGFR (log-transformed)","G","A","A","G",FALSE,TRUE,-0.000698,0.21,FALSE,TRUE,7.0477330922512e-05,-1.65363657900971,4.81909796371078e-06,TRUE
"rs1453548","A","T",-0.0133414,0.00224973,2.99999e-09,0.664929,"Tea intake","ukb-b-6066",35.1675417203904,11,59192089,"A","T",0.66,0.000355,0.0003729,0.3413,524202,"eGFR (log-transformed)","A","T","A","T",TRUE,FALSE,0.000355,0.66,TRUE,TRUE,7.03301367647431e-05,0.951997854652722,1.72891051226805e-06,TRUE
"rs56348300","G","C",0.0158824,0.00273191,6.1e-09,0.184619,"Tea intake","ukb-b-6066",33.7986600856765,9,7054124,"C","G",0.82,-0.000136,0.000449,0.7613,567377,"eGFR (log-transformed)","G","C","C","G",FALSE,TRUE,0.000136,0.18,TRUE,TRUE,6.75927510825169e-05,0.302895322939866,1.61701235375196e-07,TRUE
"rs13282783","T","C",-0.0135837,0.00235432,7.90005e-09,0.285899,"Tea intake","ukb-b-6066",33.2893395528742,8,22088975,"T","C",0.31,-0.000173,0.0003964,0.6625,515910,"eGFR (log-transformed)","T","C","T","C",TRUE,FALSE,-0.000173,0.31,FALSE,TRUE,6.6574246680342e-05,-0.436427850655903,3.69190747433931e-07,TRUE
"rs149805207","G","A",-0.0719337,0.0125823,1.09999e-08,0.008538,"Tea intake","ukb-b-6066",32.6847168493231,6,137095269,"A","G",0.99,0.001642,0.0026413,0.5341,335452,"eGFR (log-transformed)","G","A","A","G",FALSE,TRUE,-0.001642,0.01,FALSE,TRUE,6.53651608151e-05,-0.621663574754856,1.15207288953545e-06,TRUE
"rs9648476","A","G",0.0125013,0.00218542,1.09999e-08,0.622954,"Tea intake","ukb-b-6066",32.7220518228434,7,39293033,"A","G",0.63,0.000551,0.0003551,0.1204,567390,"eGFR (log-transformed)","A","G","A","G",TRUE,FALSE,0.000551,0.63,FALSE,TRUE,6.5439820995259e-05,1.55167558434244,4.24344260935142e-06,TRUE
"rs2351187","A","G",0.0129023,0.0022823,1.6e-08,0.318935,"Tea intake","ukb-b-6066",31.9586783644785,10,86850616,"A","G",0.32,8.7e-05,0.0003697,0.8137,567455,"eGFR (log-transformed)","A","G","A","G",TRUE,FALSE,8.7e-05,0.32,FALSE,TRUE,6.39132715615788e-05,0.235325939951312,9.75906329304796e-08,TRUE
"rs57631352","G","A",-0.0131035,0.00232117,1.7e-08,0.296859,"Tea intake","ukb-b-6066",31.8684343914751,19,4338173,"A","G",0.71,-0.00083,0.0003825,0.03006,562490,"eGFR (log-transformed)","G","A","A","G",FALSE,TRUE,0.00083,0.29,FALSE,TRUE,6.37328066534154e-05,2.16993464052288,8.37095224544185e-06,TRUE
"rs57462170","A","G",0.0191505,0.00340563,1.89998e-08,0.108773,"Tea intake","ukb-b-6066",31.6202507186473,3,50239803,"A","G",0.11,-4.4e-05,0.0005621,0.9378,563461,"eGFR (log-transformed)","A","G","A","G",TRUE,FALSE,-4.4e-05,0.11,FALSE,TRUE,6.32365023291781e-05,-0.0782778864970646,1.08746256578784e-08,TRUE
"rs10764990","A","G",-0.0121906,0.00216898,1.89998e-08,0.607155,"Tea intake","ukb-b-6066",31.5892320301799,10,129152608,"A","G",0.6,-0.000269,0.0003643,0.4597,543097,"eGFR (log-transformed)","A","G","A","G",TRUE,FALSE,-0.000269,0.6,FALSE,TRUE,6.31744727942008e-05,-0.738402415591545,1.00394143212775e-06,TRUE
"rs17245213","A","G",-0.0146481,0.00260905,2e-08,0.208046,"Tea intake","ukb-b-6066",31.5208404177968,11,1679769,"A","G",0.21,-0.000695,0.0004382,0.1127,553016,"eGFR (log-transformed)","A","G","A","G",TRUE,FALSE,-0.000695,0.21,FALSE,TRUE,6.30377068325988e-05,-1.58603377453218,4.54867796183676e-06,TRUE
"rs7757102","G","A",-0.0118039,0.00213302,3.09999e-08,0.555426,"Tea intake","ukb-b-6066",30.6239486616449,6,137222671,"A","G",0.44,9.7e-05,0.0003462,0.7791,561828,"eGFR (log-transformed)","G","A","A","G",FALSE,TRUE,-9.7e-05,0.56,FALSE,TRUE,6.12441462481088e-05,-0.280184864240324,1.39728790982581e-07,TRUE
"rs2645929","G","A",-0.0149842,0.0027166,3.50002e-08,0.813066,"Tea intake","ukb-b-6066",30.4239591651913,13,56444529,"A","G",0.19,-0.000303,0.0004431,0.4938,560721,"eGFR (log-transformed)","G","A","A","G",FALSE,TRUE,0.000303,0.81,FALSE,TRUE,6.08442160864913e-05,0.683818551117129,8.33939554422396e-07,TRUE
"rs6829","T","C",-0.0119163,0.00216546,3.69999e-08,0.596155,"Tea intake","ukb-b-6066",30.2818584293989,13,111531264,"T","C",0.59,3.2e-05,0.0003534,0.9289,560725,"eGFR (log-transformed)","T","C","T","C",TRUE,FALSE,3.2e-05,0.59,FALSE,TRUE,6.056004911713e-05,0.0905489530277306,1.46223421009014e-08,TRUE
"rs2279844","A","G",-0.0119879,0.00218318,4e-08,0.379343,"Tea intake","ukb-b-6066",30.1513758755549,17,40819809,"A","G",0.38,-0.000928,0.0003541,0.008785,567410,"eGFR (log-transformed)","A","G","A","G",TRUE,FALSE,-0.000928,0.38,FALSE,TRUE,6.02991155485141e-05,-2.62072860773793,1.21043606916035e-05,TRUE
"rs17576658","A","G",-0.0134812,0.00245655,4.09996e-08,0.247081,"Tea intake","ukb-b-6066",30.116596285704,13,100272019,"A","G",0.25,-0.000613,0.0004169,0.1416,518470,"eGFR (log-transformed)","A","G","A","G",TRUE,FALSE,-0.000613,0.25,FALSE,TRUE,6.02295647524358e-05,-1.4703765891101,4.16995833572362e-06,TRUE
"rs11164870","G","C",-0.0119604,0.00218232,4.20001e-08,0.604574,"Tea intake","ukb-b-6066",30.0368608775464,1,93552187,"C","G",0.39,0.000256,0.0003622,0.4795,525153,"eGFR (log-transformed)","G","C","C","G",FALSE,TRUE,-0.000256,0.61,TRUE,TRUE,6.00701131198314e-05,-0.706791827719492,9.51254610613212e-07,TRUE
"rs34619","A","G",0.0117117,0.0021375,4.30002e-08,0.430905,"Tea intake","ukb-b-6066",30.0211712354571,5,60465365,"A","G",0.43,-0.000527,0.0003454,0.1272,567317,"eGFR (log-transformed)","A","G","A","G",TRUE,FALSE,-0.000527,0.43,FALSE,TRUE,6.00387376044693e-05,-1.52576722640417,4.10344847145788e-06,TRUE
"rs11859365","C","A",0.0225669,0.00219679,9.3994e-25,0.253765,"Oily fish intake","ukb-b-2209",105.527760813042,16,83683945,"A","C",0.74,-0.000632,0.0003994,0.1137,554989,"eGFR (log-transformed)","C","A","A","C",FALSE,TRUE,0.000632,0.26,FALSE,TRUE,0.00021101098659224,1.58237356034051,4.51161155953194e-06,TRUE
"rs3124402","G","A",-0.0220014,0.00215651,1.9002e-24,0.733261,"Oily fish intake","ukb-b-2209",104.087285096537,13,55975115,"A","G",0.27,0.000417,0.0003954,0.2917,554035,"eGFR (log-transformed)","G","A","A","G",FALSE,TRUE,-0.000417,0.73,FALSE,TRUE,0.00020813124256111,-1.0546282245827,2.00752381931968e-06,TRUE
"rs10828250","G","C",-0.0201462,0.00207341,2.60016e-22,0.309332,"Oily fish intake","ukb-b-2209",94.4095449895992,10,21847178,"C","G",0.69,-0.00123,0.0003796,0.001189,549223,"eGFR (log-transformed)","G","C","C","G",FALSE,TRUE,0.00123,0.31,TRUE,TRUE,0.000188783444061088,3.24025289778714,1.91161661773516e-05,TRUE
"rs35287743","T","G",-0.0282201,0.00301071,7.00003e-21,0.115869,"Oily fish intake","ukb-b-2209",87.8575820182923,12,110057250,"T","G",0.12,0.000228,0.0005549,0.6815,525153,"eGFR (log-transformed)","T","G","T","G",TRUE,FALSE,0.000228,0.12,FALSE,TRUE,0.000175684293642109,0.410884844116057,3.2148021786021e-07,TRUE
"rs16891727","A","C",-0.0237173,0.00284003,6.79986e-17,0.129814,"Oily fish intake","ukb-b-2209",69.7404328825469,6,26488860,"A","C",0.12,-0.003115,0.0005453,1.113e-08,566909,"eGFR (log-transformed)","A","C","A","C",TRUE,FALSE,-0.003115,0.12,FALSE,TRUE,0.000139461413566389,-5.71245186136072,5.75581407686196e-05,TRUE
"rs1876245","C","T",0.0151162,0.00193122,5.00035e-15,0.431482,"Oily fish intake","ukb-b-2209",61.2663147793654,3,71534763,"T","C",0.57,-0.000317,0.0003455,0.3594,567313,"eGFR (log-transformed)","C","T","T","C",FALSE,TRUE,0.000317,0.43,FALSE,TRUE,0.000122517617152934,0.917510853835022,1.48388088715632e-06,TRUE
"rs11767283","G","A",0.0176735,0.00231943,2.49977e-14,0.221709,"Oily fish intake","ukb-b-2209",58.0607428728476,7,121947456,"A","G",0.77,0.000358,0.0004406,0.4165,519361,"eGFR (log-transformed)","G","A","A","G",FALSE,TRUE,-0.000358,0.23,FALSE,TRUE,0.000116108003111867,-0.812528370403995,1.27118038026554e-06,TRUE
"rs9606833","C","T",0.0169856,0.00223087,2.70023e-14,0.243593,"Oily fish intake","ukb-b-2209",57.971329230393,22,31750013,"T","C",0.75,-0.000228,0.000409,0.5773,525153,"eGFR (log-transformed)","C","T","T","C",FALSE,TRUE,0.000228,0.25,FALSE,TRUE,0.000115929217319137,0.557457212713936,5.91748233592822e-07,TRUE
"rs28533540","A","G",0.0146421,0.00192478,2.80027e-14,0.534203,"Oily fish intake","ukb-b-2209",57.8688087677992,15,47867762,"A","G",0.53,0.000156,0.0003519,0.6575,525153,"eGFR (log-transformed)","A","G","A","G",TRUE,FALSE,0.000156,0.53,FALSE,TRUE,0.000115724223889634,0.443307757885763,3.74217979635884e-07,TRUE
"rs9841174","C","T",0.0147781,0.00198025,8.49963e-14,0.373913,"Oily fish intake","ukb-b-2209",55.6925570089216,3,167184878,"T","C",0.61,0.000224,0.0003628,0.5376,515927,"eGFR (log-transformed)","C","T","T","C",FALSE,TRUE,-0.000224,0.39,FALSE,TRUE,0.00011137270875598,-0.61742006615215,7.3887828398466e-07,TRUE
"rs1951286","G","T",-0.0145833,0.00199948,2.99985e-13,0.644911,"Oily fish intake","ukb-b-2209",53.1958179517976,14,29766012,"T","G",0.35,-1.8e-05,0.0003706,0.9606,525153,"eGFR (log-transformed)","G","T","T","G",FALSE,TRUE,1.8e-05,0.65,FALSE,TRUE,0.000106380317927543,0.0485698866702644,4.4920887447379e-09,TRUE
"rs4869859","C","T",0.0140098,0.00192207,3.10027e-13,0.449939,"Oily fish intake","ukb-b-2209",53.1282450619667,6,155847549,"T","C",0.53,-0.000143,0.0003457,0.6788,558234,"eGFR (log-transformed)","C","T","T","C",FALSE,TRUE,0.000143,0.47,FALSE,TRUE,0.000106245200881795,0.413653456754411,3.06518646009951e-07,TRUE
"rs631490","C","G",-0.0151398,0.00210253,6.00067e-13,0.709106,"Oily fish intake","ukb-b-2209",51.8508492118309,11,111452040,"C","G",0.71,0.000996,0.0003773,0.008322,567452,"eGFR (log-transformed)","C","G","C","G",TRUE,FALSE,0.000996,0.71,TRUE,TRUE,0.000103690945496503,2.63980917042141,1.22803459667333e-05,TRUE
"rs45501495","T","C",0.0156803,0.00225713,3.69999e-12,0.236013,"Oily fish intake","ukb-b-2209",48.2609191238306,1,204596454,"T","C",0.24,-0.000261,0.0004104,0.5246,525153,"eGFR (log-transformed)","T","C","T","C",TRUE,FALSE,-0.000261,0.24,FALSE,TRUE,9.65125226815581e-05,-0.635964912280702,7.70158521727062e-07,TRUE
"rs790564","C","A",0.0146906,0.00214766,7.89951e-12,0.722952,"Oily fish intake","ukb-b-2209",46.7894575839602,8,64604218,"A","C",0.27,-0.000214,0.0003888,0.5823,566252,"eGFR (log-transformed)","C","A","A","C",FALSE,TRUE,0.000214,0.73,FALSE,TRUE,9.35701589739514e-05,0.550411522633745,5.35013884567329e-07,TRUE
"rs9889161","T","G",-0.0133201,0.0020015,2.80027e-11,0.357929,"Oily fish intake","ukb-b-2209",44.289806379914,16,51495068,"T","G",0.36,-0.000168,0.0003625,0.6433,566014,"eGFR (log-transformed)","T","G","T","G",TRUE,FALSE,-0.000168,0.36,FALSE,TRUE,8.85717671069963e-05,-0.463448275862069,3.79468039475606e-07,TRUE
"rs4510068","T","G",-0.0130135,0.00197082,4.00037e-11,0.402798,"Oily fish intake","ukb-b-2209",43.6007852600721,17,44184828,"T","G",0.4,0.000575,0.0004107,0.1617,422836,"eGFR (log-transformed)","T","G","T","G",TRUE,FALSE,0.000575,0.4,FALSE,TRUE,8.71939670692759e-05,1.40004869734599,4.63566789109502e-06,TRUE
"rs28623270","T","A",-0.0178328,0.00273746,7.29962e-11,0.14872,"Oily fish intake","ukb-b-2209",42.4368865637008,17,29389026,"A","T",0.85,0.000566,0.0005092,0.2664,515861,"eGFR (log-transformed)","T","A","A","T",FALSE,TRUE,-0.000566,0.15,TRUE,TRUE,8.48665701813779e-05,-1.11154752553024,2.3950927522812e-06,TRUE
"rs4278546","G","A",0.0125555,0.00193806,9.30037e-11,0.441085,"Oily fish intake","ukb-b-2209",41.969480009457,11,79217391,"A","G",0.56,-0.000329,0.000357,0.3561,524202,"eGFR (log-transformed)","G","A","A","G",FALSE,TRUE,0.000329,0.44,FALSE,TRUE,8.39319148612681e-05,0.92156862745098,1.62015284017292e-06,TRUE
"rs114497213","T","G",0.0273225,0.00423605,1.09999e-10,0.05481,"Oily fish intake","ukb-b-2209",41.602431481007,3,115214586,"T","G",0.055,0.000535,0.0008179,0.5131,525153,"eGFR (log-transformed)","T","G","T","G",TRUE,FALSE,0.000535,0.055,FALSE,TRUE,8.31979404887768e-05,0.654114194889351,8.14743572549667e-07,TRUE
"rs12855717","T","C",-0.0122298,0.00192275,2e-10,0.526774,"Oily fish intake","ukb-b-2209",40.4569435656227,13,101252635,"T","C",0.55,-0.00017,0.0003574,0.6335,519421,"eGFR (log-transformed)","T","C","T","C",TRUE,FALSE,-0.00017,0.55,FALSE,TRUE,8.09073406038196e-05,-0.475657526580862,4.35581125989819e-07,TRUE
"rs6465487","G","A",-0.0123535,0.00195628,2.69998e-10,0.399814,"Oily fish intake","ukb-b-2209",39.8765896508555,7,95760694,"A","G",0.6,0.001125,0.000357,0.001625,525153,"eGFR (log-transformed)","G","A","A","G",FALSE,TRUE,-0.001125,0.4,FALSE,TRUE,7.97468192393374e-05,-3.15126050420168,1.89092607068992e-05,TRUE
"rs17050031","T","C",-0.0120492,0.0019207,3.50002e-10,0.4801,"Oily fish intake","ukb-b-2209",39.3547677247503,2,59488019,"T","C",0.47,-0.000313,0.0003521,0.3742,523092,"eGFR (log-transformed)","T","C","T","C",TRUE,FALSE,-0.000313,0.47,FALSE,TRUE,7.87033407461122e-05,-0.888952002272082,1.51069882264584e-06,TRUE
"rs59355765","T","C",-0.0162522,0.00260966,4.70002e-10,0.160079,"Oily fish intake","ukb-b-2209",38.784344741207,18,53431951,"T","C",0.15,0.000127,0.000541,0.8146,529070,"eGFR (log-transformed)","T","C","T","C",TRUE,FALSE,0.000127,0.15,FALSE,TRUE,7.7562673047513e-05,0.234750462107209,1.04159702344752e-07,TRUE
"rs303817","G","A",0.0135799,0.00220965,8e-10,0.751146,"Oily fish intake","ukb-b-2209",37.7699288432064,12,52176235,"A","G",0.25,0.00022,0.0003958,0.5774,565212,"eGFR (log-transformed)","G","A","A","G",FALSE,TRUE,-0.00022,0.75,FALSE,TRUE,7.55341518473317e-05,-0.555836280949975,5.46615787246522e-07,TRUE
"rs10991192","T","C",-0.0117028,0.00191944,1.09999e-09,0.53639,"Oily fish intake","ukb-b-2209",37.1732458578458,9,107008496,"T","C",0.55,-0.000721,0.0003465,0.03738,567075,"eGFR (log-transformed)","T","C","T","C",TRUE,FALSE,-0.000721,0.55,FALSE,TRUE,7.43409647257735e-05,-2.08080808080808,7.63519677391756e-06,TRUE
"rs973526","T","C",-0.011507,0.00192962,2.5e-09,0.513307,"Oily fish intake","ukb-b-2209",35.5615467641296,1,72556393,"T","C",0.51,0.000372,0.0003558,0.2957,525153,"eGFR (log-transformed)","T","C","T","C",TRUE,FALSE,0.000372,0.51,FALSE,TRUE,7.11180353935763e-05,1.04553119730186,2.08155186986124e-06,TRUE
"rs2374424","G","A",-0.0114437,0.00195609,4.90004e-09,0.601525,"Oily fish intake","ukb-b-2209",34.2259303729085,11,83187113,"A","G",0.39,0.000152,0.0003587,0.6723,525153,"eGFR (log-transformed)","G","A","A","G",FALSE,TRUE,-0.000152,0.61,FALSE,TRUE,6.84471754092975e-05,-0.423752439364371,3.41930958155121e-07,TRUE
"rs55985303","A","G",0.0129737,0.00223629,6.59994e-09,0.241079,"Oily fish intake","ukb-b-2209",33.6566943601551,2,77224951,"A","G",0.24,5e-06,0.000402,0.99,567363,"eGFR (log-transformed)","A","G","A","G",TRUE,FALSE,5e-06,0.24,FALSE,TRUE,6.73088579329919e-05,0.0124378109452736,2.72663429000812e-10,TRUE
"rs275160","C","T",0.0121188,0.00210096,8e-09,0.700597,"Oily fish intake","ukb-b-2209",33.2723647622375,2,145967878,"T","C",0.3,0.000772,0.0003856,0.04532,525153,"eGFR (log-transformed)","C","T","T","C",FALSE,TRUE,-0.000772,0.7,FALSE,TRUE,6.65403016181013e-05,-2.00207468879668,7.63258034482366e-06,TRUE
"rs61882686","A","C",0.0197559,0.0034254,8e-09,0.085234,"Oily fish intake","ukb-b-2209",33.2637380229629,11,46390680,"A","C",0.083,0.000187,0.0006251,0.7648,566883,"eGFR (log-transformed)","A","C","A","C",TRUE,FALSE,0.000187,0.083,FALSE,TRUE,6.65230504352815e-05,0.299152135658295,1.57866766407012e-07,TRUE
"rs9301837","A","C",-0.0157428,0.00273045,8.10009e-09,0.143273,"Oily fish intake","ukb-b-2209",33.2426395018194,13,93477312,"A","C",0.16,-0.001023,0.0004797,0.03296,566288,"eGFR (log-transformed)","A","C","A","C",TRUE,FALSE,-0.001023,0.16,FALSE,TRUE,6.64808590051794e-05,-2.13258286429018,8.03102511211137e-06,TRUE
"rs10076975","C","T",0.0112394,0.0019672,1.09999e-08,0.381413,"Oily fish intake","ukb-b-2209",32.6429367718423,5,164518993,"T","C",0.6,0.000297,0.0003505,0.3963,567108,"eGFR (log-transformed)","C","T","T","C",FALSE,TRUE,-0.000297,0.4,FALSE,TRUE,6.52816115766464e-05,-0.847360912981455,1.26610735125886e-06,TRUE
"rs12663865","A","G",0.012772,0.00223239,1.09999e-08,0.758185,"Oily fish intake","ukb-b-2209",32.7323874236013,6,88103149,"A","G",0.75,-0.000244,0.0004064,0.5483,522003,"eGFR (log-transformed)","A","G","A","G",TRUE,FALSE,-0.000244,0.75,FALSE,TRUE,6.54604894909966e-05,-0.600393700787402,6.90556083046741e-07,TRUE
"rs9597870","G","T",-0.0127449,0.00223046,1.09999e-08,0.245844,"Oily fish intake","ukb-b-2209",32.6500601737004,13,59412819,"T","G",0.76,-0.00018,0.0004076,0.6589,558154,"eGFR (log-transformed)","G","T","T","G",FALSE,TRUE,0.00018,0.24,FALSE,TRUE,6.52958565201119e-05,0.441609421000981,3.49399650593372e-07,TRUE
"rs9958909","G","T",0.0157617,0.00277809,1.40001e-08,0.139718,"Oily fish intake","ukb-b-2209",32.1894452269832,18,1841371,"T","G",0.85,-0.000886,0.0005005,0.07665,525153,"eGFR (log-transformed)","G","T","T","G",FALSE,TRUE,0.000886,0.15,FALSE,TRUE,6.43747460792407e-05,1.77022977022977,5.96720334817171e-06,TRUE
"rs10061973","T","G",-0.0108521,0.00191598,1.5e-08,0.5139,"Oily fish intake","ukb-b-2209",32.0808326193279,5,166811498,"T","G",0.49,0.000532,0.0003511,0.1299,523536,"eGFR (log-transformed)","T","G","T","G",TRUE,FALSE,0.000532,0.49,FALSE,TRUE,6.41575487834883e-05,1.51523782398177,4.38543976821765e-06,TRUE
"rs7243428","G","A",-0.0129784,0.00229212,1.5e-08,0.224648,"Oily fish intake","ukb-b-2209",32.0603020079332,18,35156177,"A","G",0.77,-0.000156,0.0004174,0.7078,524046,"eGFR (log-transformed)","G","A","A","G",FALSE,TRUE,0.000156,0.23,FALSE,TRUE,6.41164928276189e-05,0.373742213703881,2.66547602828844e-07,TRUE
"rs75887709","G","A",-0.0159106,0.0028148,1.6e-08,0.13588,"Oily fish intake","ukb-b-2209",31.9505273229552,19,37438329,"A","G",0.87,-0.002672,0.0005505,1.211e-06,524202,"eGFR (log-transformed)","G","A","A","G",FALSE,TRUE,0.002672,0.13,FALSE,TRUE,6.38969715620389e-05,4.85376930063579,4.49407244951974e-05,TRUE
"rs703979","C","T",0.0109122,0.00193619,1.7e-08,0.577597,"Oily fish intake","ukb-b-2209",31.7635247078729,10,80944095,"T","C",0.41,0.000333,0.0003512,0.3434,556130,"eGFR (log-transformed)","C","T","T","C",FALSE,TRUE,-0.000333,0.59,FALSE,TRUE,6.35230139860973e-05,-0.948177676537585,1.61659945137859e-06,TRUE
"rs1361016","G","T",0.0149567,0.00265295,1.7e-08,0.844853,"Oily fish intake","ukb-b-2209",31.7843574024411,13,54220229,"T","G",0.16,-7.7e-05,0.0004729,0.8708,567453,"eGFR (log-transformed)","G","T","T","G",FALSE,TRUE,7.7e-05,0.84,FALSE,TRUE,6.35646740802439e-05,0.162825121590188,4.67210834768505e-08,TRUE
"rs6033437","A","C",0.0124683,0.00220977,1.7e-08,0.257329,"Oily fish intake","ukb-b-2209",31.8361351775946,20,12495731,"A","C",0.26,0.000194,0.0004055,0.6325,525153,"eGFR (log-transformed)","A","C","A","C",TRUE,FALSE,0.000194,0.26,FALSE,TRUE,6.36682164552981e-05,0.478421701602959,4.35848647545459e-07,TRUE
"rs7683782","G","C",0.0144775,0.00257399,1.89998e-08,0.833405,"Oily fish intake","ukb-b-2209",31.6354077560054,4,14935830,"C","G",0.17,-0.000646,0.000466,0.1656,567272,"eGFR (log-transformed)","G","C","C","G",FALSE,TRUE,0.000646,0.83,TRUE,TRUE,6.32668125691847e-05,1.3862660944206,3.38766442615061e-06,TRUE
"rs12896749","C","G",-0.0109641,0.00196607,2.5e-08,0.384721,"Oily fish intake","ukb-b-2209",31.099114482661,14,100279492,"C","G",0.38,0.000176,0.000395,0.6567,325022,"eGFR (log-transformed)","C","G","C","G",TRUE,FALSE,0.000176,0.38,TRUE,TRUE,6.21943605862419e-05,0.445569620253165,6.1082685240906e-07,TRUE
"rs2952140","T","C",-0.0106774,0.00191504,2.5e-08,0.482607,"Oily fish intake","ukb-b-2209",31.0867503957626,17,37928059,"T","C",0.48,0.001485,0.0003436,1.548e-05,567206,"eGFR (log-transformed)","T","C","T","C",TRUE,FALSE,0.001485,0.48,FALSE,TRUE,6.2169635487644e-05,4.32188591385332,3.29299809296793e-05,TRUE
"rs55930451","T","C",-0.0170539,0.00307567,2.90001e-08,0.108001,"Oily fish intake","ukb-b-2209",30.7445365637773,2,49039237,"T","C",0.11,0.000234,0.0005625,0.6774,567256,"eGFR (log-transformed)","T","C","T","C",TRUE,FALSE,0.000234,0.11,FALSE,TRUE,6.14852924539106e-05,0.416,3.05075569416352e-07,TRUE
"rs2827161","G","T",0.0107114,0.00193719,3.2e-08,0.422842,"Oily fish intake","ukb-b-2209",30.5737027082777,21,23340050,"T","G",0.58,2e-05,0.0003565,0.9553,524202,"eGFR (log-transformed)","G","T","T","G",FALSE,TRUE,-2e-05,0.42,FALSE,TRUE,6.11436666399826e-05,-0.0561009817671809,6.00402161064816e-09,TRUE
"rs4982738","A","G",0.0108608,0.00196936,3.50002e-08,0.582899,"Oily fish intake","ukb-b-2209",30.4139905952523,14,23650191,"A","G",0.58,0.000134,0.0003905,0.7317,490594,"eGFR (log-transformed)","A","G","A","G",TRUE,FALSE,0.000134,0.58,FALSE,TRUE,6.08242813722613e-05,0.34314980793854,2.40018757721494e-07,TRUE
"rs905575","G","C",0.0138824,0.00251917,3.59998e-08,0.82397,"Oily fish intake","ukb-b-2209",30.367857719513,3,147076253,"C","G",0.17,0.000821,0.0004823,0.08878,525153,"eGFR (log-transformed)","G","C","C","G",FALSE,TRUE,-0.000821,0.83,TRUE,TRUE,6.0732026835926e-05,-1.7022600041468,5.51776936042944e-06,TRUE
"rs7254235","G","A",-0.0106304,0.00194012,4.30002e-08,0.577254,"Oily fish intake","ukb-b-2209",30.0221663851132,19,22212505,"A","G",0.41,-0.000981,0.0003486,0.004901,567438,"eGFR (log-transformed)","G","A","A","G",FALSE,TRUE,0.000981,0.59,FALSE,TRUE,6.00407276647947e-05,2.81411359724613,1.39559296661735e-05,TRUE
"rs1201289","G","T",-0.0107265,0.0019595,4.39997e-08,0.394525,"Oily fish intake","ukb-b-2209",29.965776676604,3,176822676,"T","G",0.63,0.000507,0.0003603,0.159,558234,"eGFR (log-transformed)","G","T","T","G",FALSE,TRUE,-0.000507,0.37,FALSE,TRUE,5.99279617773694e-05,-1.40716069941715,3.54706845235072e-06,TRUE
"rs510161","G","C",-0.0112998,0.00206615,4.49997e-08,0.31037,"Oily fish intake","ukb-b-2209",29.9100967887948,11,28728332,"C","G",0.69,0.000529,0.000372,0.1548,567264,"eGFR (log-transformed)","G","C","C","G",FALSE,TRUE,-0.000529,0.31,TRUE,TRUE,5.98166153360811e-05,-1.42204301075269,3.56482892552845e-06,TRUE
"rs2029401","G","A",0.0146312,0.0021292,6.29941e-12,0.586212,"Processed meat intake","ukb-b-6324",47.2201083004295,5,92891029,"A","G",0.43,-2.2e-05,0.0003553,0.9503,547987,"eGFR (log-transformed)","G","A","A","G",FALSE,TRUE,2.2e-05,0.57,FALSE,TRUE,9.44312984885758e-05,0.0619195046439628,6.99656201429731e-09,TRUE
"rs13091492","G","A",0.0138397,0.00216401,1.6e-10,0.37281,"Processed meat intake","ukb-b-6324",40.9010846892531,3,81891476,"A","G",0.62,0.000113,0.000354,0.7489,567419,"eGFR (log-transformed)","G","A","A","G",FALSE,TRUE,-0.000113,0.38,FALSE,TRUE,8.17954783309334e-05,-0.319209039548023,1.79575221540801e-07,TRUE
"rs9809856","G","A",0.0132887,0.00209967,2.5e-10,0.475881,"Processed meat intake","ukb-b-6324",40.0555692396632,3,18227421,"A","G",0.53,-8.2e-05,0.0003454,0.8123,561828,"eGFR (log-transformed)","G","A","A","G",FALSE,TRUE,8.2e-05,0.47,FALSE,TRUE,8.01047211989136e-05,0.237405906195715,1.00318173253237e-07,TRUE
"rs203319","T","C",-0.016423,0.00260186,2.80001e-10,0.204594,"Processed meat intake","ukb-b-6324",39.8416335627316,22,41914593,"T","C",0.2,0.001049,0.000433,0.0154,560735,"eGFR (log-transformed)","T","C","T","C",TRUE,FALSE,0.001049,0.2,FALSE,TRUE,7.96769182083059e-05,2.42263279445727,1.04667770438781e-05,TRUE
"rs11032380","T","A",-0.0133229,0.00222295,2.1e-09,0.333352,"Processed meat intake","ukb-b-6324",35.9201504917922,11,33800533,"A","T",0.67,-0.000395,0.0003674,0.2825,567414,"eGFR (log-transformed)","T","A","A","T",FALSE,TRUE,0.000395,0.33,TRUE,TRUE,7.18351403254823e-05,1.07512248230811,2.03711222720987e-06,TRUE
"rs77165542","T","C",0.0338786,0.00572502,3.29997e-09,0.035496,"Processed meat intake","ukb-b-6324",35.0184479692274,2,430975,"T","C",0.036,-0.000103,0.0011088,0.9259,447008,"eGFR (log-transformed)","T","C","T","C",TRUE,FALSE,-0.000103,0.036,FALSE,TRUE,7.00319911151806e-05,-0.0928932178932179,1.93042401119838e-08,TRUE
"rs1422192","A","G",0.0169681,0.00287128,3.40001e-09,0.158076,"Processed meat intake","ukb-b-6324",34.9233051128861,5,87959023,"A","G",0.16,0.001065,0.0004765,0.02545,567442,"eGFR (log-transformed)","A","G","A","G",TRUE,FALSE,0.001065,0.16,FALSE,TRUE,6.98417320175385e-05,2.23504721930745,8.80335275842824e-06,TRUE
"rs10454812","C","A",-0.0199599,0.00344207,6.69993e-09,0.103032,"Processed meat intake","ukb-b-6324",33.6261639356531,5,52800358,"A","C",0.9,-0.001144,0.0005836,0.04991,525153,"eGFR (log-transformed)","C","A","A","C",FALSE,TRUE,0.001144,0.1,FALSE,TRUE,6.72478052998555e-05,1.96024674434544,7.31698987283876e-06,TRUE
"rs6961970","A","C",-0.0140142,0.00244137,9.49992e-09,0.244698,"Processed meat intake","ukb-b-6324",32.9510619078643,7,113901132,"A","C",0.23,0.000156,0.0004075,0.7013,566236,"eGFR (log-transformed)","A","C","A","C",TRUE,FALSE,0.000156,0.23,FALSE,TRUE,6.58977810120051e-05,0.382822085889571,2.58819134626173e-07,TRUE
"rs11894162","T","C",0.0120489,0.00210698,1.09999e-08,0.547464,"Processed meat intake","ukb-b-6324",32.7019743484647,2,107197420,"T","C",0.53,-0.000486,0.0003523,0.1682,525153,"eGFR (log-transformed)","T","C","T","C",TRUE,FALSE,-0.000486,0.53,FALSE,TRUE,6.53996713001829e-05,-1.37950610275334,3.62376334397339e-06,TRUE
"rs34241936","G","A",0.0328367,0.00575337,1.09999e-08,0.037369,"Processed meat intake","ukb-b-6324",32.5742482255588,17,74065908,"A","G",0.96,5.2e-05,0.0010796,0.9616,452812,"eGFR (log-transformed)","G","A","A","G",FALSE,TRUE,-5.2e-05,0.04,FALSE,TRUE,6.51442524010213e-05,-0.0481659874027418,5.12345593887718e-09,TRUE
"rs6010651","C","A",-0.0124059,0.00216796,1.09999e-08,0.379439,"Processed meat intake","ukb-b-6324",32.7456806672324,20,62418243,"A","C",0.62,-0.000342,0.0003626,0.3462,525153,"eGFR (log-transformed)","C","A","A","C",FALSE,TRUE,0.000342,0.38,FALSE,TRUE,6.54870724969372e-05,0.943188086045229,1.693986816567e-06,TRUE
"rs4778053","G","C",0.0164667,0.00289872,1.29999e-08,0.843808,"Processed meat intake","ukb-b-6324",32.2701224027764,15,93424341,"C","G",0.18,-0.000733,0.0004695,0.1184,519421,"eGFR (log-transformed)","G","C","C","G",FALSE,TRUE,0.000733,0.82,TRUE,TRUE,6.45360796311747e-05,1.56123535676251,4.69261812894726e-06,TRUE
"rs6765179","A","G",-0.0127603,0.00226606,1.79999e-08,0.309968,"Processed meat intake","ukb-b-6324",31.7087382021184,3,25276416,"A","G",0.31,0.000103,0.0003825,0.7871,524202,"eGFR (log-transformed)","A","G","A","G",TRUE,FALSE,0.000103,0.31,FALSE,TRUE,6.3413454882958e-05,0.269281045751634,1.38328872401386e-07,TRUE
"rs6786550","C","T",0.0121871,0.00217408,2.1e-08,0.635043,"Processed meat intake","ukb-b-6324",31.4231492152952,3,62560523,"T","C",0.38,0.000429,0.0003638,0.2382,525153,"eGFR (log-transformed)","C","T","T","C",FALSE,TRUE,-0.000429,0.62,FALSE,TRUE,6.28423490215698e-05,-1.17921935129192,2.64790374690206e-06,TRUE
"rs11887120","T","C",0.0119621,0.00216043,3.09999e-08,0.397683,"Processed meat intake","ukb-b-6324",30.6573391778552,2,25485735,"T","C",0.42,-0.000603,0.0003553,0.08962,561828,"eGFR (log-transformed)","T","C","T","C",TRUE,FALSE,-0.000603,0.42,FALSE,TRUE,6.13109190964263e-05,-1.69715733183225,5.12670824934626e-06,TRUE
"rs3762621","T","C",-0.0149895,0.00271965,3.59998e-08,0.183451,"Processed meat intake","ukb-b-6324",30.377236265495,2,173306140,"T","C",0.18,-0.000145,0.0004597,0.7532,525153,"eGFR (log-transformed)","T","C","T","C",TRUE,FALSE,-0.000145,0.18,FALSE,TRUE,6.0750781649295e-05,-0.315423102023059,1.89452815543013e-07,TRUE
"rs8096167","C","T",-0.0145937,0.00267084,4.70002e-08,0.1926,"Processed meat intake","ukb-b-6324",29.8562380566443,18,34800257,"T","C",0.81,-0.000261,0.0004558,0.5667,525153,"eGFR (log-transformed)","C","T","T","C",FALSE,TRUE,0.000261,0.19,FALSE,TRUE,5.97089107463819e-05,0.572619569986836,6.2437607174149e-07,TRUE
"rs4676964","T","C",0.0133533,0.00172438,9.60064e-15,0.510605,"Beef intake","ukb-b-2862",59.9668529929994,3,71034748,"T","C",0.5,-0.000536,0.0003534,0.1293,525153,"eGFR (log-transformed)","T","C","T","C",TRUE,FALSE,-0.000536,0.5,FALSE,TRUE,0.000119919323617098,-1.51669496321449,4.38034922212049e-06,TRUE
"rs62396185","C","G",-0.0148447,0.00195102,2.80027e-14,0.260057,"Beef intake","ukb-b-2862",57.8921138803494,6,26180634,"C","G",0.29,-2.6e-05,0.0003897,0.9468,524665,"eGFR (log-transformed)","C","G","C","G",TRUE,FALSE,-2.6e-05,0.29,TRUE,TRUE,0.000115770823325323,-0.0667179881960482,8.4840610888148e-09,TRUE
"rs132901","T","C",0.0139249,0.00209282,2.90001e-11,0.787662,"Beef intake","ukb-b-2862",44.2711105071328,22,41797547,"T","C",0.79,-0.001026,0.0004388,0.01934,519421,"eGFR (log-transformed)","T","C","T","C",TRUE,FALSE,-0.001026,0.79,FALSE,TRUE,8.85343819834487e-05,-2.33819507748405,1.05253708966785e-05,TRUE
"rs1105388","T","C",-0.0113754,0.00187563,1.29999e-09,0.300147,"Beef intake","ukb-b-2862",36.782311068786,1,205308591,"T","C",0.3,-0.000831,0.000388,0.03221,524202,"eGFR (log-transformed)","T","C","T","C",TRUE,FALSE,-0.000831,0.3,FALSE,TRUE,7.35592107820261e-05,-2.14175257731959,8.75056555049382e-06,TRUE
"rs10959890","C","T",-0.0126658,0.00209611,1.5e-09,0.212297,"Beef intake","ukb-b-2862",36.5121252237587,9,11526198,"T","C",0.8,6.3e-05,0.0004245,0.8826,567390,"eGFR (log-transformed)","C","T","T","C",FALSE,TRUE,-6.3e-05,0.2,FALSE,TRUE,7.30189182957403e-05,-0.148409893992933,3.88189706903302e-08,TRUE
"rs784251","T","C",-0.0103387,0.00171651,1.7e-09,0.477649,"Beef intake","ukb-b-2862",36.2776537399574,18,53412903,"T","C",0.48,0.000285,0.0003503,0.4159,525153,"eGFR (log-transformed)","T","C","T","C",TRUE,FALSE,0.000285,0.48,FALSE,TRUE,7.25500435891946e-05,0.813588352840422,1.26044252543145e-06,TRUE
"rs11165829","G","C",-0.0102001,0.00177865,9.80009e-09,0.35997,"Beef intake","ukb-b-2862",32.8872731687267,1,97743702,"C","G",0.63,-0.000708,0.0003541,0.04557,567452,"eGFR (log-transformed)","G","C","C","G",FALSE,TRUE,0.000708,0.37,TRUE,TRUE,6.57702203310485e-05,1.99943518780006,7.04502390692364e-06,TRUE
"rs1470610","C","G",-0.0122159,0.00215779,1.5e-08,0.196185,"Beef intake","ukb-b-2862",32.0503359139214,2,33866464,"C","G",0.2,-0.000539,0.0004394,0.2196,525153,"eGFR (log-transformed)","C","G","C","G",TRUE,FALSE,-0.000539,0.2,TRUE,TRUE,6.40965631950802e-05,-1.22667273554848,2.86530151907022e-06,TRUE
"rs62169335","T","C",-0.00968628,0.00173523,2.39999e-08,0.543241,"Beef intake","ukb-b-2862",31.1601789405158,2,147946069,"T","C",0.54,-2.5e-05,0.0003599,0.9438,525153,"eGFR (log-transformed)","T","C","T","C",TRUE,FALSE,-2.5e-05,0.54,FALSE,TRUE,6.23164742960516e-05,-0.0694637399277577,9.18820062042139e-09,TRUE
"rs7791463","A","G",0.00954846,0.00171063,2.39999e-08,0.534781,"Beef intake","ukb-b-2862",31.1569184736759,7,97819047,"A","G",0.54,0.000128,0.0003436,0.7105,567447,"eGFR (log-transformed)","A","G","A","G",TRUE,FALSE,0.000128,0.54,FALSE,TRUE,6.23099541750271e-05,0.372526193247963,2.44561572651894e-07,TRUE
"rs79809011","A","G",-0.0280593,0.00508482,3.40001e-08,0.029465,"Beef intake","ukb-b-2862",30.4510657746294,8,10126532,"A","G",0.028,-0.001341,0.0012996,0.3021,426014,"eGFR (log-transformed)","A","G","A","G",TRUE,FALSE,-0.001341,0.028,FALSE,TRUE,6.08984227055081e-05,-1.03185595567867,2.49927009964439e-06,TRUE
"rs11878917","A","G",0.0150187,0.00274812,4.60002e-08,0.109688,"Beef intake","ukb-b-2862",29.8671167093471,19,42588999,"A","G",0.11,0.000389,0.0005538,0.4826,567369,"eGFR (log-transformed)","A","G","A","G",TRUE,FALSE,0.000389,0.11,FALSE,TRUE,5.97306654531817e-05,0.702419646081618,8.69615594329028e-07,TRUE
"rs1355171","A","C",-0.0109832,0.001477,1e-13,0.488844,"Pork intake","ukb-b-5640",55.2963917692591,9,15681694,"A","C",0.5,-2e-04,0.0003446,0.5615,561828,"eGFR (log-transformed)","A","C","A","C",TRUE,FALSE,-2e-04,0.5,FALSE,TRUE,0.000110580554127232,-0.580383052814858,5.99550549348548e-07,TRUE
"rs9379832","G","A",-0.0114715,0.00170628,1.80011e-11,0.255452,"Pork intake","ukb-b-5640",45.200143997923,6,26186200,"A","G",0.69,0.000235,0.0004215,0.5778,338701,"eGFR (log-transformed)","G","A","A","G",FALSE,TRUE,-0.000235,0.31,FALSE,TRUE,9.03921165224797e-05,-0.557532621589561,9.17748512290111e-07,TRUE
"rs12721051","G","C",-0.0123637,0.00188666,5.60015e-11,0.188393,"Pork intake","ukb-b-5640",42.9447059482029,19,45422160,"C","G",0.8,-0.001261,0.0004707,0.007384,494070,"eGFR (log-transformed)","G","C","C","G",FALSE,TRUE,0.001261,0.2,TRUE,TRUE,8.58820355388809e-05,2.67898874017421,1.45260315682644e-05,TRUE
"rs10972033","T","G",0.00897557,0.00147851,1.29999e-09,0.45643,"Pork intake","ukb-b-5640",36.8532288566454,9,34269732,"T","G",0.44,-0.001156,0.0003448,0.0007988,567451,"eGFR (log-transformed)","T","G","T","G",TRUE,FALSE,-0.001156,0.44,FALSE,TRUE,7.37010254717733e-05,-3.35266821345708,1.98081622874434e-05,TRUE
"rs254152","G","C",-0.0104266,0.00174217,2.19999e-09,0.23498,"Pork intake","ukb-b-5640",35.8182500325329,5,115641827,"C","G",0.77,8.1e-05,0.0004107,0.8442,566281,"eGFR (log-transformed)","G","C","C","G",FALSE,TRUE,-8.1e-05,0.23,TRUE,TRUE,7.16313686445213e-05,-0.197224251278305,6.86892242905122e-08,TRUE
"rs4146837","T","C",0.00879226,0.0014944,4e-09,0.455561,"Pork intake","ukb-b-5640",34.6152383905266,15,93446869,"T","C",0.45,0.000602,0.0003516,0.08709,556096,"eGFR (log-transformed)","T","C","T","C",TRUE,FALSE,0.000602,0.45,FALSE,TRUE,6.92256842539269e-05,1.71217292377702,5.27160897939026e-06,TRUE
"rs34161520","G","C",0.0115919,0.0020206,9.59997e-09,0.160381,"Pork intake","ukb-b-5640",32.9115665436071,10,125127645,"C","G",0.84,0.000357,0.0005144,0.4881,339189,"eGFR (log-transformed)","G","C","C","G",FALSE,TRUE,-0.000357,0.16,TRUE,TRUE,6.58188006875369e-05,-0.694012441679627,1.4200123979625e-06,TRUE
"rs9973426","G","A",0.0110847,0.00193678,1e-08,0.176598,"Pork intake","ukb-b-5640",32.7557316064062,2,155751852,"A","G",0.82,0.000207,0.0004489,0.6447,567351,"eGFR (log-transformed)","G","A","A","G",FALSE,TRUE,-0.000207,0.18,FALSE,TRUE,6.55071717421406e-05,-0.461127199821787,3.7479129272796e-07,TRUE
"rs36124222","C","T",0.00840935,0.00150083,2.1e-08,0.433239,"Pork intake","ukb-b-5640",31.3950986661057,18,74196202,"T","C",0.57,0.000284,0.0003737,0.4467,508138,"eGFR (log-transformed)","C","T","T","C",FALSE,TRUE,-0.000284,0.43,FALSE,TRUE,6.27862549708721e-05,-0.75996788868076,1.13660174082671e-06,TRUE
"rs2387807","T","C",-0.0150846,0.00274837,4.09996e-08,0.077893,"Pork intake","ukb-b-5640",30.1243162469895,12,38446861,"T","C",0.09,-0.000146,0.0006323,0.8176,515439,"eGFR (log-transformed)","T","C","T","C",TRUE,FALSE,-0.000146,0.09,FALSE,TRUE,6.02450028149449e-05,-0.230903052348569,1.0343845550868e-07,TRUE
"rs7641973","A","G",0.00844615,0.00154097,4.20001e-08,0.353362,"Pork intake","ukb-b-5640",30.0420256367708,3,81910489,"A","G",0.36,-0.000249,0.0003574,0.4855,567459,"eGFR (log-transformed)","A","G","A","G",TRUE,FALSE,-0.000249,0.36,FALSE,TRUE,6.00804413972202e-05,-0.696698377168439,8.55371425180626e-07,TRUE
"rs276453","C","A",-0.014237,0.00146723,2.90001e-22,0.488356,"Lamb/mutton intake","ukb-b-14179",94.1543898760027,9,15573753,"A","C",0.5,0.000205,0.0003455,0.5533,566228,"eGFR (log-transformed)","C","A","A","C",FALSE,TRUE,-0.000205,0.5,FALSE,TRUE,0.000188273326231683,-0.593342981186686,6.21756031899921e-07,TRUE
"rs3105087","C","T",-0.0116279,0.00164863,1.80011e-12,0.732703,"Lamb/mutton intake","ukb-b-14179",49.7457725178007,13,55948790,"T","C",0.27,0.000432,0.000395,0.2746,554000,"eGFR (log-transformed)","C","T","T","C",FALSE,TRUE,-0.000432,0.73,FALSE,TRUE,9.94816474527937e-05,-1.09367088607595,2.15904950284563e-06,TRUE
"rs4489752","T","G",0.013811,0.00197586,2.80027e-12,0.836007,"Lamb/mutton intake","ukb-b-14179",48.8582505079218,11,126590934,"T","G",0.84,0.000255,0.0004747,0.5907,525153,"eGFR (log-transformed)","T","G","T","G",TRUE,FALSE,0.000255,0.84,FALSE,TRUE,9.77069534342291e-05,0.537181377712239,5.49484957715817e-07,TRUE
"rs2678900","G","T",0.0100844,0.00148119,9.8992e-12,0.427924,"Lamb/mutton intake","ukb-b-14179",46.3530787230238,2,58177683,"T","G",0.58,-0.000718,0.0003537,0.0425,525153,"eGFR (log-transformed)","G","T","T","G",FALSE,TRUE,0.000718,0.42,FALSE,TRUE,9.2697563811102e-05,2.02996890019791,7.84674447468102e-06,TRUE
"rs11090045","A","G",-0.0106761,0.00160657,2.99985e-11,0.307145,"Lamb/mutton intake","ukb-b-14179",44.1596843197283,22,41753603,"A","G",0.3,0.000156,0.000394,0.6922,519421,"eGFR (log-transformed)","A","G","A","G",TRUE,FALSE,0.000156,0.3,FALSE,TRUE,8.83115690174374e-05,0.395939086294416,3.01812427185653e-07,TRUE
"rs55813438","A","G",-0.0114181,0.0017352,4.70002e-11,0.763165,"Lamb/mutton intake","ukb-b-14179",43.300070801638,16,5694999,"A","G",0.76,0.000302,0.0004162,0.4677,525153,"eGFR (log-transformed)","A","G","A","G",TRUE,FALSE,0.000302,0.76,FALSE,TRUE,8.65926426681592e-05,0.725612686208554,1.00259018325946e-06,TRUE
"rs2726033","G","A",-0.00948966,0.0014804,1.5e-10,0.422384,"Lamb/mutton intake","ukb-b-14179",41.0906633471927,16,28338039,"A","G",0.57,-0.00136,0.000386,0.000425,467494,"eGFR (log-transformed)","G","A","A","G",FALSE,TRUE,0.00136,0.43,FALSE,TRUE,8.21745734789163e-05,3.52331606217617,2.65531246389821e-05,TRUE
"rs62106258","C","T",0.0216304,0.00340154,2e-10,0.048562,"Lamb/mutton intake","ukb-b-14179",40.4369076957128,2,417167,"T","C",0.95,-0.000901,0.0011713,0.4415,409361,"eGFR (log-transformed)","C","T","T","C",FALSE,TRUE,0.000901,0.05,FALSE,TRUE,8.08672753463281e-05,0.769230769230769,1.44546041520648e-06,TRUE
"rs7447465","C","T",0.00958232,0.0015062,2e-10,0.619449,"Lamb/mutton intake","ukb-b-14179",40.4739931068081,5,164566362,"T","C",0.37,0.000356,0.0003541,0.3144,567388,"eGFR (log-transformed)","C","T","T","C",FALSE,TRUE,-0.000356,0.63,FALSE,TRUE,8.09414341675192e-05,-1.00536571589946,1.78142368557995e-06,TRUE
"rs136548","T","C",0.00953241,0.00151227,2.90001e-10,0.376668,"Lamb/mutton intake","ukb-b-14179",39.7325788120287,22,27253353,"T","C",0.38,-6.1e-05,0.000356,0.8645,561828,"eGFR (log-transformed)","T","C","T","C",TRUE,FALSE,-6.1e-05,0.38,FALSE,TRUE,7.94588434145409e-05,-0.171348314606742,5.22584196306537e-08,TRUE
"rs139237013","A","G",0.0188989,0.00314007,1.79999e-09,0.057668,"Lamb/mutton intake","ukb-b-14179",36.2238323092032,2,56662691,"A","G",0.056,-0.000349,0.0008209,0.6708,499171,"eGFR (log-transformed)","A","G","A","G",TRUE,FALSE,-0.000349,0.056,FALSE,TRUE,7.24424163345237e-05,-0.425143135582897,3.62093591747199e-07,TRUE
"rs11743441","T","G",-0.00884199,0.00148593,2.69998e-09,0.574343,"Lamb/mutton intake","ukb-b-14179",35.4081581978373,5,88065637,"T","G",0.58,0.000231,0.0003549,0.5148,525153,"eGFR (log-transformed)","T","G","T","G",TRUE,FALSE,0.000231,0.58,FALSE,TRUE,7.08113018001219e-05,0.650887573964497,8.06725453664764e-07,TRUE
"rs12634740","G","T",-0.010087,0.00169718,2.80001e-09,0.252078,"Lamb/mutton intake","ukb-b-14179",35.3238662005597,3,175671450,"T","G",0.74,6.6e-05,0.000406,0.8716,516718,"eGFR (log-transformed)","G","T","T","G",FALSE,TRUE,-6.6e-05,0.26,FALSE,TRUE,7.0642741651611e-05,-0.16256157635468,5.11425279464086e-08,TRUE
"rs62398404","T","C",0.0129151,0.00219431,4e-09,0.127211,"Lamb/mutton intake","ukb-b-14179",34.6417307472831,6,37669616,"T","C",0.13,8.3e-05,0.0005301,0.8755,525153,"eGFR (log-transformed)","T","C","T","C",TRUE,FALSE,8.3e-05,0.13,FALSE,TRUE,6.92786616290808e-05,0.156574231277118,4.66825644251758e-08,TRUE
"rs4272399","A","C",-0.00924231,0.00157567,4.49997e-09,0.321491,"Lamb/mutton intake","ukb-b-14179",34.4057104316495,8,4836291,"A","C",0.33,-0.000114,0.0003668,0.7559,561097,"eGFR (log-transformed)","A","C","A","C",TRUE,FALSE,-0.000114,0.33,FALSE,TRUE,6.88066861774583e-05,-0.310796074154853,1.72152378432156e-07,TRUE
"rs6829572","A","G",0.008401,0.00147406,1.2e-08,0.456717,"Lamb/mutton intake","ukb-b-14179",32.4811686666369,4,93984155,"A","G",0.45,0.00061,0.0003471,0.07891,567160,"eGFR (log-transformed)","A","G","A","G",TRUE,FALSE,0.00061,0.45,FALSE,TRUE,6.49581175021322e-05,1.7574186113512,5.44555920164346e-06,TRUE
"rs994270","G","C",0.0098203,0.00172948,1.40001e-08,0.234851,"Lamb/mutton intake","ukb-b-14179",32.2417363439689,6,51187787,"C","G",0.76,0.001121,0.0004147,0.006896,524046,"eGFR (log-transformed)","G","C","C","G",FALSE,TRUE,-0.001121,0.24,TRUE,TRUE,6.44793148378006e-05,-2.70315891005546,1.39433679636388e-05,TRUE
"rs16891982","G","C",-0.0242681,0.00436437,2.69998e-08,0.972143,"Lamb/mutton intake","ukb-b-14179",30.9192127798067,5,33951693,"C","G",0.09,0.000582,0.0010064,0.5627,498978,"eGFR (log-transformed)","G","C","C","G",FALSE,TRUE,-0.000582,0.91,TRUE,TRUE,6.18346018051926e-05,-0.578298887122417,6.70228704878183e-07,TRUE
"rs2222760","A","G",-0.00909294,0.00163727,2.80001e-08,0.28089,"Lamb/mutton intake","ukb-b-14179",30.8438116428954,2,151345113,"A","G",0.28,8.5e-05,0.0003897,0.8273,560721,"eGFR (log-transformed)","A","G","A","G",TRUE,FALSE,8.5e-05,0.28,FALSE,TRUE,6.16838181576534e-05,0.218116499871696,8.48457672884707e-08,TRUE
"rs56394517","G","A",-0.0137749,0.00249124,3.2e-08,0.09584,"Lamb/mutton intake","ukb-b-14179",30.5735432099627,1,243582753,"A","G",0.9,0.00036,0.0005715,0.5287,561057,"eGFR (log-transformed)","G","A","A","G",FALSE,TRUE,-0.00036,0.1,FALSE,TRUE,6.11433476823607e-05,-0.62992125984252,7.07237433931334e-07,TRUE
"rs1958801","G","A",-0.00894391,0.00161749,3.2e-08,0.287998,"Lamb/mutton intake","ukb-b-14179",30.5753637205349,14,98872110,"A","G",0.72,0.000129,0.0003873,0.7397,561700,"eGFR (log-transformed)","G","A","A","G",FALSE,TRUE,-0.000129,0.28,FALSE,TRUE,6.1146988258257e-05,-0.333075135553834,1.97505828757516e-07,TRUE
"rs6581296","G","C",0.0100199,0.00182433,4e-08,0.794714,"Lamb/mutton intake","ukb-b-14179",30.166156142844,12,60473007,"C","G",0.21,-0.000957,0.0004336,0.02726,525153,"eGFR (log-transformed)","G","C","C","G",FALSE,TRUE,0.000957,0.79,TRUE,TRUE,6.03286725173779e-05,2.20710332103321,9.27588699681897e-06,TRUE
"rs17270057","C","T",0.0126533,0.00230897,4.30002e-08,0.113347,"Lamb/mutton intake","ukb-b-14179",30.0310854281479,19,42670527,"T","C",0.89,-0.000201,0.0005612,0.72,525153,"eGFR (log-transformed)","C","T","T","C",FALSE,TRUE,0.000201,0.11,FALSE,TRUE,6.00585636085869e-05,0.35816108339273,2.4427039419408e-07,TRUE
"rs2926119","A","C",0.00811121,0.00148179,4.39997e-08,0.569417,"Lamb/mutton intake","ukb-b-14179",29.963874663683,16,64293179,"A","C",0.55,-0.000124,0.0003537,0.7267,525153,"eGFR (log-transformed)","A","C","A","C",TRUE,FALSE,-0.000124,0.55,FALSE,TRUE,5.99241582074342e-05,-0.350579587220809,2.34038495850097e-07,TRUE
