rsid,effect_allele,other_allele,beta_exposure,se_exposure,pval_exposure,eaf,exposure,gwas_id,F_stat
rs10249294,A,G,0.0195637,0.00126299,4.10015e-54,0.372973,Fresh fruit intake,ukb-b-3881,239.939729610829
rs994270,G,C,0.0132585,0.00144389,4.19952e-20,0.235126,Fresh fruit intake,ukb-b-3881,84.3180528218649
rs10828266,G,A,0.0123642,0.00135696,8.100279999999999e-20,0.715634,Fresh fruit intake,ukb-b-3881,83.0229099335718
rs34162196,T,C,-0.0181417,0.0020297,4.00037e-19,0.1008,Fresh fruit intake,ukb-b-3881,79.8899700753366
rs862227,G,A,-0.0101452,0.00122398,1.10002e-16,0.457858,Fresh fruit intake,ukb-b-3881,68.7025067063198
rs28479795,T,C,0.0112324,0.00147345,2.49977e-14,0.221473,Fresh fruit intake,ukb-b-3881,58.1131364364472
rs73455661,G,A,0.0102938,0.0013622,4.10015e-14,0.279338,Fresh fruit intake,ukb-b-3881,57.1044167521508
rs13072255,C,A,0.00898012,0.00122355,2.09991e-13,0.493966,Fresh fruit intake,ukb-b-3881,53.8667579289189
rs739320,C,T,-0.00899731,0.00127708,1.9002e-12,0.60575,Fresh fruit intake,ukb-b-3881,49.6351297295435
rs10838724,T,G,0.00901088,0.00128277,2.09991e-12,0.367992,Fresh fruit intake,ukb-b-3881,49.3442807598535
rs2143081,A,G,0.00832073,0.00122891,1.29987e-11,0.539822,Fresh fruit intake,ukb-b-3881,45.8440210348479
rs2790688,T,C,0.0114466,0.00169613,1.50003e-11,0.154068,Fresh fruit intake,ukb-b-3881,45.5443745073443
rs11896330,A,G,-0.00844567,0.0012744,3.40017e-11,0.632839,Fresh fruit intake,ukb-b-3881,43.9194295517845
rs4953150,T,C,-0.00843921,0.00129268,6.59933e-11,0.344088,Fresh fruit intake,ukb-b-3881,42.6207932765357
rs62298288,T,C,0.00791778,0.00123342,1.40001e-10,0.433152,Fresh fruit intake,ukb-b-3881,41.2083180106695
rs7554485,C,T,-0.00801014,0.00125414,1.7e-10,0.611539,Fresh fruit intake,ukb-b-3881,40.7932375241289
rs12420070,G,A,0.00797282,0.00126961,3.40001e-10,0.363101,Fresh fruit intake,ukb-b-3881,39.4351275290765
rs12044599,G,A,0.00942073,0.0015033,3.69999e-10,0.21008,Fresh fruit intake,ukb-b-3881,39.2715279729016
rs10064431,C,T,-0.00757392,0.00122365,5.99998e-10,0.522495,Fresh fruit intake,ukb-b-3881,38.3113096213984
rs11085749,A,G,-0.00773361,0.00125477,7.10003e-10,0.387076,Fresh fruit intake,ukb-b-3881,37.9871123204548
rs7982441,C,T,-0.00841258,0.00137614,9.80009e-10,0.731883,Fresh fruit intake,ukb-b-3881,37.3708673164608
rs1051547,C,T,-0.00757523,0.00124161,1.09999e-09,0.561537,Fresh fruit intake,ukb-b-3881,37.2238460538792
rs12885598,A,G,0.00751549,0.00124738,1.7e-09,0.596671,Fresh fruit intake,ukb-b-3881,36.3008713367388
rs1866823,A,G,0.00743079,0.0012406,2.1e-09,0.544469,Fresh fruit intake,ukb-b-3881,35.8761988324699
rs149449,A,G,0.00728855,0.00122061,2.39999e-09,0.489167,Fresh fruit intake,ukb-b-3881,35.6556557088642
rs817223,C,T,-0.00726908,0.00122339,2.80001e-09,0.481314,Fresh fruit intake,ukb-b-3881,35.3044170307695
rs62051554,A,G,0.0116118,0.00198143,4.60002e-09,0.108545,Fresh fruit intake,ukb-b-3881,34.3432685313771
rs11032362,A,G,0.0123929,0.00212339,5.30005e-09,0.090976,Fresh fruit intake,ukb-b-3881,34.0632714296141
rs4744240,T,C,0.00756978,0.00129924,5.69994e-09,0.330797,Fresh fruit intake,ukb-b-3881,33.9459330206378
rs17049185,T,G,0.00804043,0.00139033,7.29995e-09,0.267872,Fresh fruit intake,ukb-b-3881,33.4443502385495
rs11248509,T,A,0.00732973,0.00126801,7.39997e-09,0.371237,Fresh fruit intake,ukb-b-3881,33.4141637930301
rs12536253,C,G,-0.00815943,0.00141599,8.30004e-09,0.24901,Fresh fruit intake,ukb-b-3881,33.2046777137658
rs559734,C,G,0.00776806,0.00136078,1.09999e-08,0.711817,Fresh fruit intake,ukb-b-3881,32.5873696874542
rs4302893,A,G,0.00738857,0.00129959,1.29999e-08,0.334189,Fresh fruit intake,ukb-b-3881,32.322732096961
rs2093654,G,A,0.00712915,0.00125874,1.5e-08,0.388133,Fresh fruit intake,ukb-b-3881,32.0777160240852
rs9517948,T,C,0.00695315,0.00123287,1.7e-08,0.451352,Fresh fruit intake,ukb-b-3881,31.8074334629626
rs72974263,T,C,0.00738684,0.00131242,1.79999e-08,0.318282,Fresh fruit intake,ukb-b-3881,31.6790175501002
rs6475724,T,C,0.00772163,0.00137406,1.89998e-08,0.727296,Fresh fruit intake,ukb-b-3881,31.5795968057712
rs10271924,T,C,-0.00704676,0.00125592,2e-08,0.492595,Fresh fruit intake,ukb-b-3881,31.4814703514851
rs8095324,G,A,-0.00694613,0.00124903,2.69998e-08,0.404041,Fresh fruit intake,ukb-b-3881,30.9271623976622
rs329277,G,T,0.00682734,0.00122916,2.80001e-08,0.486036,Fresh fruit intake,ukb-b-3881,30.8522061637253
rs12780952,A,G,0.00747457,0.00135361,3.40001e-08,0.286382,Fresh fruit intake,ukb-b-3881,30.4919584044339
rs78537042,A,C,-0.0119259,0.00218432,4.79999e-08,0.086801,Fresh fruit intake,ukb-b-3881,29.8091644066195
rs12629972,C,T,0.0117995,0.00159079,1.20005e-13,0.588311,Cooked vegetable intake,ukb-b-8089,55.0175826677539
rs10156602,G,A,0.0110063,0.00163687,1.80011e-11,0.361369,Cooked vegetable intake,ukb-b-8089,45.2120619664345
rs28711392,C,T,-0.0107461,0.00163223,4.60045e-11,0.367132,Cooked vegetable intake,ukb-b-8089,43.3450036328883
rs4851029,G,T,0.0101744,0.00156423,7.8001e-11,0.526969,Cooked vegetable intake,ukb-b-8089,42.3074055483066
rs2052063,T,C,-0.00945755,0.0015679,1.6e-09,0.515902,Cooked vegetable intake,ukb-b-8089,36.3848485686151
rs2844672,A,G,-0.00964215,0.00160923,2.1e-09,0.624125,Cooked vegetable intake,ukb-b-8089,35.9014117112572
rs2102738,C,A,-0.0121578,0.00208302,5.30005e-09,0.172403,Cooked vegetable intake,ukb-b-8089,34.0661543621863
rs2252508,G,A,0.0091021,0.00156216,5.69994e-09,0.480256,Cooked vegetable intake,ukb-b-8089,33.9494058922841
rs10161952,C,A,-0.0095798,0.00168589,1.29999e-08,0.31274,Cooked vegetable intake,ukb-b-8089,32.2889866446831
rs11138705,C,G,0.0103715,0.00183004,1.40001e-08,0.757204,Cooked vegetable intake,ukb-b-8089,32.1189972759439
rs349062,C,G,-0.00890406,0.00159767,2.5e-08,0.39275,Cooked vegetable intake,ukb-b-8089,31.0600388717119
rs1816263,C,T,0.00958122,0.00174063,3.69999e-08,0.280188,Cooked vegetable intake,ukb-b-8089,30.2990279673009
rs34155012,T,C,0.0105584,0.00192208,3.89996e-08,0.227386,Cooked vegetable intake,ukb-b-8089,30.1754185400678
rs28450747,A,G,-0.0101604,0.0018547,4.30002e-08,0.23257,Cooked vegetable intake,ukb-b-8089,30.0105716248115
rs790561,G,A,0.012474,0.00156199,1.39991e-15,0.704134,Salad/raw vegetable intake,ukb-b-1996,63.7756628478418
rs3095337,C,G,-0.0126218,0.00176637,8.99912e-13,0.203909,Salad/raw vegetable intake,ukb-b-1996,51.0598139907693
rs6482190,G,A,0.0112719,0.00159025,1.39991e-12,0.719408,Salad/raw vegetable intake,ukb-b-1996,50.2415981960105
rs17460017,T,A,0.0111744,0.00181338,7.19996e-10,0.190124,Salad/raw vegetable intake,ukb-b-1996,37.9726392723966
rs62461186,C,A,-0.0113438,0.00185732,1e-09,0.179827,Salad/raw vegetable intake,ukb-b-1996,37.3029906377796
rs12203592,T,C,-0.0102862,0.00169411,1.29999e-09,0.219338,Salad/raw vegetable intake,ukb-b-1996,36.8660592322392
rs57221424,G,C,0.00894101,0.00153327,5.49997e-09,0.321733,Salad/raw vegetable intake,ukb-b-1996,34.0044601583032
rs1890012,G,T,-0.0104258,0.00180794,8.10009e-09,0.19473,Salad/raw vegetable intake,ukb-b-1996,33.2545252485517
rs1052352,T,C,0.00816444,0.00142564,1e-08,0.52355,Salad/raw vegetable intake,ukb-b-1996,32.7969199128645
rs12908495,A,C,-0.00935,0.00166573,2e-08,0.242533,Salad/raw vegetable intake,ukb-b-1996,31.5075044835833
rs75248709,T,C,-0.0197339,0.00352774,2.19999e-08,0.045947,Salad/raw vegetable intake,ukb-b-1996,31.2919557425429
rs1828021,G,A,0.00798427,0.00143013,2.39999e-08,0.499269,Salad/raw vegetable intake,ukb-b-1996,31.1687507284597
rs8130508,A,G,0.0087404,0.00157797,2.99999e-08,0.289686,Salad/raw vegetable intake,ukb-b-1996,30.6806906836
rs4083969,G,C,0.017133,0.00311517,3.79997e-08,0.057217,Salad/raw vegetable intake,ukb-b-1996,30.2484639877577
rs7821179,C,G,-0.0108184,0.00197644,4.39997e-08,0.846577,Salad/raw vegetable intake,ukb-b-1996,29.9611721929383
rs10740991,C,G,0.016739,0.00185722,1.99986e-19,0.717606,Dried fruit intake,ukb-b-16576,81.2329668311134
rs11772627,C,G,0.0183338,0.00217099,2.99985e-17,0.18202,Dried fruit intake,ukb-b-16576,71.3163869597142
rs3101339,C,A,0.0142595,0.00170546,6.20012e-17,0.603285,Dried fruit intake,ukb-b-16576,69.9077813612439
rs10896126,G,A,-0.015009,0.00181919,1.59993e-16,0.303582,Dried fruit intake,ukb-b-16576,68.0686903957539
rs34162196,T,C,-0.0223628,0.00277168,7.10068e-16,0.101001,Dried fruit intake,ukb-b-16576,65.0977807664474
rs746868,G,C,-0.0129055,0.00171452,5.19996e-14,0.614662,Dried fruit intake,ukb-b-16576,56.6584330134588
rs4269101,G,T,-0.0138099,0.00185921,1.10002e-13,0.718948,Dried fruit intake,ukb-b-16576,55.1726919539361
rs9385269,T,C,0.0120673,0.00168183,7.19946e-13,0.524565,Dried fruit intake,ukb-b-16576,51.4820733804149
rs4149513,A,G,0.01173,0.00167139,2.19989e-12,0.493537,Dried fruit intake,ukb-b-16576,49.2538774374099
rs3764002,T,C,0.0131215,0.00190081,5.10035e-12,0.261416,Dried fruit intake,ukb-b-16576,47.6529239017028
rs2328887,C,T,0.0189482,0.00277607,8.80035e-12,0.899467,Dried fruit intake,ukb-b-16576,46.5881102389246
rs11811826,A,T,0.0132178,0.0020058,4.40048e-11,0.224231,Dried fruit intake,ukb-b-16576,43.4253271057855
rs7808471,C,T,-0.0115362,0.00178604,1.09999e-10,0.322136,Dried fruit intake,ukb-b-16576,41.7198935088211
rs7599488,T,C,-0.0104154,0.00168729,6.69993e-10,0.426408,Dried fruit intake,ukb-b-16576,38.1041643653795
rs75641275,C,A,-0.0141613,0.00238518,2.90001e-09,0.143372,Dried fruit intake,ukb-b-16576,35.2503901591264
rs1622515,G,A,0.00991719,0.00167077,2.90001e-09,0.484704,Dried fruit intake,ukb-b-16576,35.2325381208322
rs62084586,C,T,0.0133946,0.00226174,3.2e-09,0.165729,Dried fruit intake,ukb-b-16576,35.073098924009
rs10026792,A,G,0.0108465,0.0018423,3.89996e-09,0.290404,Dried fruit intake,ukb-b-16576,34.6623926024798
rs2533273,A,C,-0.00987659,0.00167714,3.89996e-09,0.48453,Dried fruit intake,ukb-b-16576,34.6797068000411
rs7829800,G,A,-0.0104463,0.00178709,5.1e-09,0.671041,Dried fruit intake,ukb-b-16576,34.1689897459359
rs1582322,G,A,0.00994346,0.00171571,6.80002e-09,0.604805,Dried fruit intake,ukb-b-16576,33.5882438064495
rs11720884,G,A,0.0111797,0.00193554,7.59994e-09,0.250137,Dried fruit intake,ukb-b-16576,33.3623010969481
rs57499472,C,T,0.00991231,0.00171869,8.10009e-09,0.404131,Dried fruit intake,ukb-b-16576,33.2624819168689
rs72720396,G,A,0.0114265,0.00198541,8.70001e-09,0.229157,Dried fruit intake,ukb-b-16576,33.1227234041673
rs7582086,T,G,-0.00962821,0.00167381,8.79995e-09,0.468273,Dried fruit intake,ukb-b-16576,33.0886304379707
rs1797235,C,G,-0.0100206,0.00174235,8.9e-09,0.374623,Dried fruit intake,ukb-b-16576,33.0762795224968
rs261809,G,A,-0.00962858,0.00167902,9.80009e-09,0.540636,Dried fruit intake,ukb-b-16576,32.8861283574326
rs11586016,C,G,0.00987818,0.00173034,1.09999e-08,0.371004,Dried fruit intake,ukb-b-16576,32.5904964699427
rs893856,A,G,-0.013361,0.00234923,1.29999e-08,0.148988,Dried fruit intake,ukb-b-16576,32.3464669417188
rs8081370,T,C,-0.0166666,0.00293795,1.40001e-08,0.910232,Dried fruit intake,ukb-b-16576,32.1814215341697
rs1648404,T,C,0.00941595,0.00167357,1.79999e-08,0.476112,Dried fruit intake,ukb-b-16576,31.6548691725477
rs4140799,A,G,0.0094566,0.00167846,1.79999e-08,0.531856,Dried fruit intake,ukb-b-16576,31.7430056997521
rs17184707,T,C,-0.0114381,0.00204011,2.1e-08,0.212811,Dried fruit intake,ukb-b-16576,31.4340694971303
rs10129747,G,A,0.00935902,0.00168126,2.59998e-08,0.530254,Dried fruit intake,ukb-b-16576,30.9878175098962
rs12137234,T,C,0.0102051,0.00183744,2.80001e-08,0.303772,Dried fruit intake,ukb-b-16576,30.8466635459711
rs862227,G,A,-0.0091646,0.00167238,4.30002e-08,0.458327,Dried fruit intake,ukb-b-16576,30.0301221307807
rs11632215,C,A,-0.0141434,0.00258382,4.39997e-08,0.120179,Dried fruit intake,ukb-b-16576,29.9628511775074
rs11152349,A,G,0.00991215,0.0018176,4.90004e-08,0.302856,Dried fruit intake,ukb-b-16576,29.7398725538778
rs4410790,C,T,0.0405506,0.00219507,3.40017e-76,0.631224,Tea intake,ukb-b-6066,341.269770598383
rs9624470,A,G,0.0252071,0.00215485,1.29987e-31,0.580054,Tea intake,ukb-b-6066,136.839563548634
rs17685,A,G,0.0230655,0.00236195,1.59993e-22,0.277512,Tea intake,ukb-b-6066,95.3639754378328
rs2478875,G,A,0.0218943,0.00261129,5.10035e-17,0.208758,Tea intake,ukb-b-6066,70.2994484928915
rs1481012,G,A,-0.0262435,0.00335608,5.30029e-15,0.112209,Tea intake,ukb-b-6066,61.1475273931971
rs977474,T,C,0.0217813,0.00285559,2.39994e-14,0.833746,Tea intake,ukb-b-6066,58.1802909272559
rs4652274,C,T,-0.0157568,0.0021744,4.30031e-13,0.387218,Tea intake,ukb-b-6066,52.5118315690074
rs72797284,G,A,-0.0171147,0.00238353,7.00003e-13,0.270797,Tea intake,ukb-b-6066,51.5581513177161
rs4817505,C,T,0.015068,0.0021746,4.19952e-12,0.38998,Tea intake,ukb-b-6066,48.0122938743558
rs4808940,G,C,0.015123,0.00224718,1.69981e-11,0.335314,Tea intake,ukb-b-6066,45.2897770089523
rs2273447,T,A,0.0174715,0.00263421,3.29989e-11,0.203788,Tea intake,ukb-b-6066,43.9905707706108
rs9937354,A,G,-0.0140923,0.0021433,4.90004e-11,0.424074,Tea intake,ukb-b-6066,43.2312538806522
rs132904,C,G,0.0166007,0.00255257,7.8001e-11,0.778651,Tea intake,ukb-b-6066,42.2958231106201
rs11587444,G,A,0.0140328,0.00217078,1e-10,0.393464,Tea intake,ukb-b-6066,41.7885255365828
rs12591786,T,C,-0.0184399,0.00294243,3.69999e-10,0.158804,Tea intake,ukb-b-6066,39.2739735593166
rs713598,G,C,0.0133969,0.00215659,5.19996e-10,0.402254,Tea intake,ukb-b-6066,38.5898825791401
rs10752269,A,G,-0.0128727,0.00211975,1.29999e-09,0.506082,Tea intake,ukb-b-6066,36.8782248806258
rs2117137,G,A,0.0129948,0.0021557,1.7e-09,0.405148,Tea intake,ukb-b-6066,36.338128477065
rs141071726,A,G,0.0407321,0.00681204,2.19999e-09,0.026713,Tea intake,ukb-b-6066,35.7535544441746
rs1156588,G,A,-0.015454,0.00260325,2.90001e-09,0.210071,Tea intake,ukb-b-6066,35.2411491633877
rs1453548,A,T,-0.0133414,0.00224973,2.99999e-09,0.664929,Tea intake,ukb-b-6066,35.1675417203904
rs56348300,G,C,0.0158824,0.00273191,6.1e-09,0.184619,Tea intake,ukb-b-6066,33.7986600856765
rs13282783,T,C,-0.0135837,0.00235432,7.90005e-09,0.285899,Tea intake,ukb-b-6066,33.2893395528742
rs149805207,G,A,-0.0719337,0.0125823,1.09999e-08,0.008538,Tea intake,ukb-b-6066,32.6847168493231
rs9648476,A,G,0.0125013,0.00218542,1.09999e-08,0.622954,Tea intake,ukb-b-6066,32.7220518228434
rs2351187,A,G,0.0129023,0.0022823,1.6e-08,0.318935,Tea intake,ukb-b-6066,31.9586783644785
rs57631352,G,A,-0.0131035,0.00232117,1.7e-08,0.296859,Tea intake,ukb-b-6066,31.8684343914751
rs57462170,A,G,0.0191505,0.00340563,1.89998e-08,0.108773,Tea intake,ukb-b-6066,31.6202507186473
rs10764990,A,G,-0.0121906,0.00216898,1.89998e-08,0.607155,Tea intake,ukb-b-6066,31.5892320301799
rs17245213,A,G,-0.0146481,0.00260905,2e-08,0.208046,Tea intake,ukb-b-6066,31.5208404177968
rs7757102,G,A,-0.0118039,0.00213302,3.09999e-08,0.555426,Tea intake,ukb-b-6066,30.6239486616449
rs2645929,G,A,-0.0149842,0.0027166,3.50002e-08,0.813066,Tea intake,ukb-b-6066,30.4239591651913
rs6829,T,C,-0.0119163,0.00216546,3.69999e-08,0.596155,Tea intake,ukb-b-6066,30.2818584293989
rs2279844,A,G,-0.0119879,0.00218318,4e-08,0.379343,Tea intake,ukb-b-6066,30.1513758755549
rs17576658,A,G,-0.0134812,0.00245655,4.09996e-08,0.247081,Tea intake,ukb-b-6066,30.116596285704
rs11164870,G,C,-0.0119604,0.00218232,4.20001e-08,0.604574,Tea intake,ukb-b-6066,30.0368608775464
rs34619,A,G,0.0117117,0.0021375,4.30002e-08,0.430905,Tea intake,ukb-b-6066,30.0211712354571
rs11859365,C,A,0.0225669,0.00219679,9.399400000000001e-25,0.253765,Oily fish intake,ukb-b-2209,105.527760813042
rs3124402,G,A,-0.0220014,0.00215651,1.9002e-24,0.733261,Oily fish intake,ukb-b-2209,104.087285096537
rs10828250,G,C,-0.0201462,0.00207341,2.60016e-22,0.309332,Oily fish intake,ukb-b-2209,94.4095449895992
rs35287743,T,G,-0.0282201,0.00301071,7.00003e-21,0.115869,Oily fish intake,ukb-b-2209,87.8575820182923
rs16891727,A,C,-0.0237173,0.00284003,6.79986e-17,0.129814,Oily fish intake,ukb-b-2209,69.7404328825469
rs1876245,C,T,0.0151162,0.00193122,5.00035e-15,0.431482,Oily fish intake,ukb-b-2209,61.2663147793654
rs11767283,G,A,0.0176735,0.00231943,2.49977e-14,0.221709,Oily fish intake,ukb-b-2209,58.0607428728476
rs9606833,C,T,0.0169856,0.00223087,2.70023e-14,0.243593,Oily fish intake,ukb-b-2209,57.971329230393
rs28533540,A,G,0.0146421,0.00192478,2.80027e-14,0.534203,Oily fish intake,ukb-b-2209,57.8688087677992
rs9841174,C,T,0.0147781,0.00198025,8.49963e-14,0.373913,Oily fish intake,ukb-b-2209,55.6925570089216
rs1951286,G,T,-0.0145833,0.00199948,2.99985e-13,0.644911,Oily fish intake,ukb-b-2209,53.1958179517976
rs4869859,C,T,0.0140098,0.00192207,3.10027e-13,0.449939,Oily fish intake,ukb-b-2209,53.1282450619667
rs631490,C,G,-0.0151398,0.00210253,6.00067e-13,0.709106,Oily fish intake,ukb-b-2209,51.8508492118309
rs45501495,T,C,0.0156803,0.00225713,3.69999e-12,0.236013,Oily fish intake,ukb-b-2209,48.2609191238306
rs790564,C,A,0.0146906,0.00214766,7.89951e-12,0.722952,Oily fish intake,ukb-b-2209,46.7894575839602
rs9889161,T,G,-0.0133201,0.0020015,2.80027e-11,0.357929,Oily fish intake,ukb-b-2209,44.289806379914
rs4510068,T,G,-0.0130135,0.00197082,4.00037e-11,0.402798,Oily fish intake,ukb-b-2209,43.6007852600721
rs28623270,T,A,-0.0178328,0.00273746,7.29962e-11,0.14872,Oily fish intake,ukb-b-2209,42.4368865637008
rs4278546,G,A,0.0125555,0.00193806,9.30037e-11,0.441085,Oily fish intake,ukb-b-2209,41.969480009457
rs114497213,T,G,0.0273225,0.00423605,1.09999e-10,0.05481,Oily fish intake,ukb-b-2209,41.602431481007
rs12855717,T,C,-0.0122298,0.00192275,2e-10,0.526774,Oily fish intake,ukb-b-2209,40.4569435656227
rs6465487,G,A,-0.0123535,0.00195628,2.69998e-10,0.399814,Oily fish intake,ukb-b-2209,39.8765896508555
rs17050031,T,C,-0.0120492,0.0019207,3.50002e-10,0.4801,Oily fish intake,ukb-b-2209,39.3547677247503
rs59355765,T,C,-0.0162522,0.00260966,4.70002e-10,0.160079,Oily fish intake,ukb-b-2209,38.784344741207
rs303817,G,A,0.0135799,0.00220965,8e-10,0.751146,Oily fish intake,ukb-b-2209,37.7699288432064
rs10991192,T,C,-0.0117028,0.00191944,1.09999e-09,0.53639,Oily fish intake,ukb-b-2209,37.1732458578458
rs973526,T,C,-0.011507,0.00192962,2.5e-09,0.513307,Oily fish intake,ukb-b-2209,35.5615467641296
rs2374424,G,A,-0.0114437,0.00195609,4.90004e-09,0.601525,Oily fish intake,ukb-b-2209,34.2259303729085
rs55985303,A,G,0.0129737,0.00223629,6.59994e-09,0.241079,Oily fish intake,ukb-b-2209,33.6566943601551
rs275160,C,T,0.0121188,0.00210096,8e-09,0.700597,Oily fish intake,ukb-b-2209,33.2723647622375
rs61882686,A,C,0.0197559,0.0034254,8e-09,0.085234,Oily fish intake,ukb-b-2209,33.2637380229629
rs9301837,A,C,-0.0157428,0.00273045,8.10009e-09,0.143273,Oily fish intake,ukb-b-2209,33.2426395018194
rs10076975,C,T,0.0112394,0.0019672,1.09999e-08,0.381413,Oily fish intake,ukb-b-2209,32.6429367718423
rs12663865,A,G,0.012772,0.00223239,1.09999e-08,0.758185,Oily fish intake,ukb-b-2209,32.7323874236013
rs9597870,G,T,-0.0127449,0.00223046,1.09999e-08,0.245844,Oily fish intake,ukb-b-2209,32.6500601737004
rs9958909,G,T,0.0157617,0.00277809,1.40001e-08,0.139718,Oily fish intake,ukb-b-2209,32.1894452269832
rs10061973,T,G,-0.0108521,0.00191598,1.5e-08,0.5139,Oily fish intake,ukb-b-2209,32.0808326193279
rs7243428,G,A,-0.0129784,0.00229212,1.5e-08,0.224648,Oily fish intake,ukb-b-2209,32.0603020079332
rs75887709,G,A,-0.0159106,0.0028148,1.6e-08,0.13588,Oily fish intake,ukb-b-2209,31.9505273229552
rs703979,C,T,0.0109122,0.00193619,1.7e-08,0.577597,Oily fish intake,ukb-b-2209,31.7635247078729
rs1361016,G,T,0.0149567,0.00265295,1.7e-08,0.844853,Oily fish intake,ukb-b-2209,31.7843574024411
rs6033437,A,C,0.0124683,0.00220977,1.7e-08,0.257329,Oily fish intake,ukb-b-2209,31.8361351775946
rs7683782,G,C,0.0144775,0.00257399,1.89998e-08,0.833405,Oily fish intake,ukb-b-2209,31.6354077560054
rs12896749,C,G,-0.0109641,0.00196607,2.5e-08,0.384721,Oily fish intake,ukb-b-2209,31.099114482661
rs2952140,T,C,-0.0106774,0.00191504,2.5e-08,0.482607,Oily fish intake,ukb-b-2209,31.0867503957626
rs55930451,T,C,-0.0170539,0.00307567,2.90001e-08,0.108001,Oily fish intake,ukb-b-2209,30.7445365637773
rs2827161,G,T,0.0107114,0.00193719,3.2e-08,0.422842,Oily fish intake,ukb-b-2209,30.5737027082777
rs4982738,A,G,0.0108608,0.00196936,3.50002e-08,0.582899,Oily fish intake,ukb-b-2209,30.4139905952523
rs905575,G,C,0.0138824,0.00251917,3.59998e-08,0.82397,Oily fish intake,ukb-b-2209,30.367857719513
rs7254235,G,A,-0.0106304,0.00194012,4.30002e-08,0.577254,Oily fish intake,ukb-b-2209,30.0221663851132
rs1201289,G,T,-0.0107265,0.0019595,4.39997e-08,0.394525,Oily fish intake,ukb-b-2209,29.965776676604
rs510161,G,C,-0.0112998,0.00206615,4.49997e-08,0.31037,Oily fish intake,ukb-b-2209,29.9100967887948
rs2029401,G,A,0.0146312,0.0021292,6.29941e-12,0.586212,Processed meat intake,ukb-b-6324,47.2201083004295
rs13091492,G,A,0.0138397,0.00216401,1.6e-10,0.37281,Processed meat intake,ukb-b-6324,40.9010846892531
rs9809856,G,A,0.0132887,0.00209967,2.5e-10,0.475881,Processed meat intake,ukb-b-6324,40.0555692396632
rs203319,T,C,-0.016423,0.00260186,2.80001e-10,0.204594,Processed meat intake,ukb-b-6324,39.8416335627316
rs11032380,T,A,-0.0133229,0.00222295,2.1e-09,0.333352,Processed meat intake,ukb-b-6324,35.9201504917922
rs77165542,T,C,0.0338786,0.00572502,3.29997e-09,0.035496,Processed meat intake,ukb-b-6324,35.0184479692274
rs1422192,A,G,0.0169681,0.00287128,3.40001e-09,0.158076,Processed meat intake,ukb-b-6324,34.9233051128861
rs10454812,C,A,-0.0199599,0.00344207,6.69993e-09,0.103032,Processed meat intake,ukb-b-6324,33.6261639356531
rs6961970,A,C,-0.0140142,0.00244137,9.49992e-09,0.244698,Processed meat intake,ukb-b-6324,32.9510619078643
rs11894162,T,C,0.0120489,0.00210698,1.09999e-08,0.547464,Processed meat intake,ukb-b-6324,32.7019743484647
rs34241936,G,A,0.0328367,0.00575337,1.09999e-08,0.037369,Processed meat intake,ukb-b-6324,32.5742482255588
rs6010651,C,A,-0.0124059,0.00216796,1.09999e-08,0.379439,Processed meat intake,ukb-b-6324,32.7456806672324
rs4778053,G,C,0.0164667,0.00289872,1.29999e-08,0.843808,Processed meat intake,ukb-b-6324,32.2701224027764
rs6765179,A,G,-0.0127603,0.00226606,1.79999e-08,0.309968,Processed meat intake,ukb-b-6324,31.7087382021184
rs6786550,C,T,0.0121871,0.00217408,2.1e-08,0.635043,Processed meat intake,ukb-b-6324,31.4231492152952
rs11887120,T,C,0.0119621,0.00216043,3.09999e-08,0.397683,Processed meat intake,ukb-b-6324,30.6573391778552
rs3762621,T,C,-0.0149895,0.00271965,3.59998e-08,0.183451,Processed meat intake,ukb-b-6324,30.377236265495
rs8096167,C,T,-0.0145937,0.00267084,4.70002e-08,0.1926,Processed meat intake,ukb-b-6324,29.8562380566443
rs4676964,T,C,0.0133533,0.00172438,9.60064e-15,0.510605,Beef intake,ukb-b-2862,59.9668529929994
rs62396185,C,G,-0.0148447,0.00195102,2.80027e-14,0.260057,Beef intake,ukb-b-2862,57.8921138803494
rs132901,T,C,0.0139249,0.00209282,2.90001e-11,0.787662,Beef intake,ukb-b-2862,44.2711105071328
rs1105388,T,C,-0.0113754,0.00187563,1.29999e-09,0.300147,Beef intake,ukb-b-2862,36.782311068786
rs10959890,C,T,-0.0126658,0.00209611,1.5e-09,0.212297,Beef intake,ukb-b-2862,36.5121252237587
rs784251,T,C,-0.0103387,0.00171651,1.7e-09,0.477649,Beef intake,ukb-b-2862,36.2776537399574
rs11165829,G,C,-0.0102001,0.00177865,9.80009e-09,0.35997,Beef intake,ukb-b-2862,32.8872731687267
rs1470610,C,G,-0.0122159,0.00215779,1.5e-08,0.196185,Beef intake,ukb-b-2862,32.0503359139214
rs62169335,T,C,-0.00968628,0.00173523,2.39999e-08,0.543241,Beef intake,ukb-b-2862,31.1601789405158
rs7791463,A,G,0.00954846,0.00171063,2.39999e-08,0.534781,Beef intake,ukb-b-2862,31.1569184736759
rs79809011,A,G,-0.0280593,0.00508482,3.40001e-08,0.029465,Beef intake,ukb-b-2862,30.4510657746294
rs11878917,A,G,0.0150187,0.00274812,4.60002e-08,0.109688,Beef intake,ukb-b-2862,29.8671167093471
rs1355171,A,C,-0.0109832,0.001477,1e-13,0.488844,Pork intake,ukb-b-5640,55.2963917692591
rs9379832,G,A,-0.0114715,0.00170628,1.80011e-11,0.255452,Pork intake,ukb-b-5640,45.200143997923
rs12721051,G,C,-0.0123637,0.00188666,5.60015e-11,0.188393,Pork intake,ukb-b-5640,42.9447059482029
rs10972033,T,G,0.00897557,0.00147851,1.29999e-09,0.45643,Pork intake,ukb-b-5640,36.8532288566454
rs254152,G,C,-0.0104266,0.00174217,2.19999e-09,0.23498,Pork intake,ukb-b-5640,35.8182500325329
rs4146837,T,C,0.00879226,0.0014944,4e-09,0.455561,Pork intake,ukb-b-5640,34.6152383905266
rs34161520,G,C,0.0115919,0.0020206,9.59997e-09,0.160381,Pork intake,ukb-b-5640,32.9115665436071
rs9973426,G,A,0.0110847,0.00193678,1e-08,0.176598,Pork intake,ukb-b-5640,32.7557316064062
rs36124222,C,T,0.00840935,0.00150083,2.1e-08,0.433239,Pork intake,ukb-b-5640,31.3950986661057
rs2387807,T,C,-0.0150846,0.00274837,4.09996e-08,0.077893,Pork intake,ukb-b-5640,30.1243162469895
rs7641973,A,G,0.00844615,0.00154097,4.20001e-08,0.353362,Pork intake,ukb-b-5640,30.0420256367708
rs276453,C,A,-0.014237,0.00146723,2.90001e-22,0.488356,Lamb/mutton intake,ukb-b-14179,94.1543898760027
rs3105087,C,T,-0.0116279,0.00164863,1.80011e-12,0.732703,Lamb/mutton intake,ukb-b-14179,49.7457725178007
rs4489752,T,G,0.013811,0.00197586,2.80027e-12,0.836007,Lamb/mutton intake,ukb-b-14179,48.8582505079218
rs2678900,G,T,0.0100844,0.00148119,9.8992e-12,0.427924,Lamb/mutton intake,ukb-b-14179,46.3530787230238
rs11090045,A,G,-0.0106761,0.00160657,2.99985e-11,0.307145,Lamb/mutton intake,ukb-b-14179,44.1596843197283
rs55813438,A,G,-0.0114181,0.0017352,4.70002e-11,0.763165,Lamb/mutton intake,ukb-b-14179,43.300070801638
rs2726033,G,A,-0.00948966,0.0014804,1.5e-10,0.422384,Lamb/mutton intake,ukb-b-14179,41.0906633471927
rs62106258,C,T,0.0216304,0.00340154,2e-10,0.048562,Lamb/mutton intake,ukb-b-14179,40.4369076957128
rs7447465,C,T,0.00958232,0.0015062,2e-10,0.619449,Lamb/mutton intake,ukb-b-14179,40.4739931068081
rs136548,T,C,0.00953241,0.00151227,2.90001e-10,0.376668,Lamb/mutton intake,ukb-b-14179,39.7325788120287
rs139237013,A,G,0.0188989,0.00314007,1.79999e-09,0.057668,Lamb/mutton intake,ukb-b-14179,36.2238323092032
rs11743441,T,G,-0.00884199,0.00148593,2.69998e-09,0.574343,Lamb/mutton intake,ukb-b-14179,35.4081581978373
rs12634740,G,T,-0.010087,0.00169718,2.80001e-09,0.252078,Lamb/mutton intake,ukb-b-14179,35.3238662005597
rs62398404,T,C,0.0129151,0.00219431,4e-09,0.127211,Lamb/mutton intake,ukb-b-14179,34.6417307472831
rs4272399,A,C,-0.00924231,0.00157567,4.49997e-09,0.321491,Lamb/mutton intake,ukb-b-14179,34.4057104316495
rs6829572,A,G,0.008401,0.00147406,1.2e-08,0.456717,Lamb/mutton intake,ukb-b-14179,32.4811686666369
rs994270,G,C,0.0098203,0.00172948,1.40001e-08,0.234851,Lamb/mutton intake,ukb-b-14179,32.2417363439689
rs16891982,G,C,-0.0242681,0.00436437,2.69998e-08,0.972143,Lamb/mutton intake,ukb-b-14179,30.9192127798067
rs2222760,A,G,-0.00909294,0.00163727,2.80001e-08,0.28089,Lamb/mutton intake,ukb-b-14179,30.8438116428954
rs56394517,G,A,-0.0137749,0.00249124,3.2e-08,0.09584,Lamb/mutton intake,ukb-b-14179,30.5735432099627
rs1958801,G,A,-0.00894391,0.00161749,3.2e-08,0.287998,Lamb/mutton intake,ukb-b-14179,30.5753637205349
rs6581296,G,C,0.0100199,0.00182433,4e-08,0.794714,Lamb/mutton intake,ukb-b-14179,30.166156142844
rs17270057,C,T,0.0126533,0.00230897,4.30002e-08,0.113347,Lamb/mutton intake,ukb-b-14179,30.0310854281479
rs2926119,A,C,0.00811121,0.00148179,4.39997e-08,0.569417,Lamb/mutton intake,ukb-b-14179,29.963874663683
